date,id,system_time_start
2021-01-13,20210113T183731_20210113T184009_T11TNK_2021_01_13,2021-01-13 18:42:02.517
2021-01-14,20210114T185729_20210114T185730_T10TFP_2021_01_14,2021-01-14 19:02:24.126
2021-01-14,20210114T185729_20210114T185730_T10TGN_2021_01_14,2021-01-14 19:02:35.472
2021-01-14,20210114T185729_20210114T185730_T10TGP_2021_01_14,2021-01-14 19:02:20.917
2021-01-14,20210114T185729_20210114T185730_T11TLG_2021_01_14,2021-01-14 19:02:45.483
2021-01-14,20210114T185729_20210114T185730_T11TLH_2021_01_14,2021-01-14 19:02:30.976
2021-01-14,20210114T185729_20210114T185730_T11TLJ_2021_01_14,2021-01-14 19:02:17.030
2021-01-14,20210114T185729_20210114T185730_T11TMJ_2021_01_14,2021-01-14 19:02:11.781
2021-01-14,20210114T185729_20210114T185730_T11TMK_2021_01_14,2021-01-14 19:01:58.529
2021-01-14,20210114T185729_20210114T185730_T11TNL_2021_01_14,2021-01-14 19:01:33.339
2021-01-14,20210114T185729_20210114T185730_T11TNM_2021_01_14,2021-01-14 19:01:23.486
2021-01-15,20210115T191741_20210115T191738_T10TCR_2021_01_15,2021-01-15 19:22:01.098
2021-01-15,20210115T191741_20210115T191738_T10TCS_2021_01_15,2021-01-15 19:21:46.663
2021-01-16,20210116T184721_20210116T184838_T11TLG_2021_01_16,2021-01-16 18:52:50.467
2021-01-18,20210118T183709_20210118T183708_T11TNH_2021_01_18,2021-01-18 18:42:29.713
2021-01-18,20210118T183709_20210118T183708_T11TNJ_2021_01_18,2021-01-18 18:42:16.352
2021-01-19,20210119T185711_20210119T185800_T10TEM_2021_01_19,2021-01-19 19:02:57.195
2021-01-19,20210119T185711_20210119T185800_T10TEN_2021_01_19,2021-01-19 19:02:43.278
2021-01-19,20210119T185711_20210119T185800_T10TEP_2021_01_19,2021-01-19 19:02:31.291
2021-01-19,20210119T185711_20210119T185800_T10TFM_2021_01_19,2021-01-19 19:02:54.309
2021-01-19,20210119T185711_20210119T185800_T10TGM_2021_01_19,2021-01-19 19:02:51.047
2021-01-19,20210119T185711_20210119T185800_T10TGN_2021_01_19,2021-01-19 19:02:36.598
2021-01-19,20210119T185711_20210119T185800_T11TKG_2021_01_19,2021-01-19 19:02:51.083
2021-01-19,20210119T185711_20210119T185800_T11TLG_2021_01_19,2021-01-19 19:02:46.622
2021-01-19,20210119T185711_20210119T185800_T11TLH_2021_01_19,2021-01-19 19:02:32.113
2021-01-19,20210119T185711_20210119T185800_T11TLJ_2021_01_19,2021-01-19 19:02:18.155
2021-01-19,20210119T185711_20210119T185800_T11TMH_2021_01_19,2021-01-19 19:02:22.939
2021-01-19,20210119T185711_20210119T185800_T11TMJ_2021_01_19,2021-01-19 19:02:12.830
2021-01-19,20210119T185711_20210119T185800_T11TMK_2021_01_19,2021-01-19 19:01:59.663
2021-01-23,20210123T183651_20210123T183913_T11TNH_2021_01_23,2021-01-23 18:42:31.808
2021-01-24,20210124T185649_20210124T185651_T11TNL_2021_01_24,2021-01-24 19:01:33.547
2021-01-26,20210126T184641_20210126T184719_T10TGM_2021_01_26,2021-01-26 18:52:53.663
2021-01-26,20210126T184641_20210126T184719_T10TGN_2021_01_26,2021-01-26 18:52:39.935
2021-01-26,20210126T184641_20210126T184719_T11TKG_2021_01_26,2021-01-26 18:52:53.692
2021-01-31,20210131T184619_20210131T184743_T11TNH_2021_01_31,2021-01-31 18:52:26.822
2021-02-01,20210201T190621_20210201T190617_T10TGP_2021_02_01,2021-02-01 19:12:13.064
2021-02-04,20210204T191601_20210204T191603_T10TCN_2021_02_04,2021-02-04 19:22:42.788
2021-02-05,20210205T184541_20210205T184548_T11TLM_2021_02_05,2021-02-05 18:51:39.390
2021-02-06,20210206T190549_20210206T190547_T10TFM_2021_02_06,2021-02-06 19:12:48.817
2021-02-06,20210206T190549_20210206T190547_T10TFN_2021_02_06,2021-02-06 19:12:34.172
2021-02-06,20210206T190549_20210206T190547_T10TFP_2021_02_06,2021-02-06 19:12:19.727
2021-02-06,20210206T190549_20210206T190547_T10TGP_2021_02_06,2021-02-06 19:12:12.420
2021-02-06,20210206T190549_20210206T190547_T11TLL_2021_02_06,2021-02-06 19:11:38.218
2021-02-08,20210208T185531_20210208T190113_T11TMJ_2021_02_08,2021-02-08 19:02:11.017
2021-02-10,20210210T184519_20210210T184514_T10TGM_2021_02_10,2021-02-10 18:52:51.920
2021-02-10,20210210T184519_20210210T184514_T11TKG_2021_02_10,2021-02-10 18:52:51.960
2021-02-10,20210210T184519_20210210T184514_T11TNG_2021_02_10,2021-02-10 18:52:40.396
2021-02-13,20210213T185459_20210213T185459_T11TNL_2021_02_13,2021-02-13 19:01:31.956
2021-02-16,20210216T190439_20210216T190442_T11TLL_2021_02_16,2021-02-16 19:11:36.929
2021-02-22,20210222T183351_20210222T183351_T11TMG_2021_02_22,2021-02-22 18:42:48.815
2021-02-22,20210222T183351_20210222T183351_T11TNG_2021_02_22,2021-02-22 18:42:45.178
2021-02-23,20210223T185349_20210223T185431_T10TEM_2021_02_23,2021-02-23 19:02:54.689
2021-02-23,20210223T185349_20210223T185431_T10TEN_2021_02_23,2021-02-23 19:02:40.853
2021-02-23,20210223T185349_20210223T185431_T10TFM_2021_02_23,2021-02-23 19:02:51.802
2021-02-23,20210223T185349_20210223T185431_T10TFN_2021_02_23,2021-02-23 19:02:37.232
2021-02-23,20210223T185349_20210223T185431_T10TGM_2021_02_23,2021-02-23 19:02:48.548
2021-02-23,20210223T185349_20210223T185431_T10TGN_2021_02_23,2021-02-23 19:02:34.117
2021-02-23,20210223T185349_20210223T185431_T10TGP_2021_02_23,2021-02-23 19:02:19.557
2021-02-23,20210223T185349_20210223T185431_T11TKG_2021_02_23,2021-02-23 19:02:48.584
2021-02-23,20210223T185349_20210223T185431_T11TLG_2021_02_23,2021-02-23 19:02:44.115
2021-02-23,20210223T185349_20210223T185431_T11TLJ_2021_02_23,2021-02-23 19:02:15.672
2021-02-23,20210223T185349_20210223T185431_T11TMH_2021_02_23,2021-02-23 19:02:20.627
2021-02-24,20210224T191351_20210224T191549_T10TCM_2021_02_24,2021-02-24 19:22:57.299
2021-02-24,20210224T191351_20210224T191549_T10TCN_2021_02_24,2021-02-24 19:22:42.960
2021-02-24,20210224T191351_20210224T191549_T10TDM_2021_02_24,2021-02-24 19:22:52.984
2021-02-24,20210224T191351_20210224T191549_T10TDN_2021_02_24,2021-02-24 19:22:38.540
2021-02-28,20210228T185321_20210228T185546_T10TEM_2021_02_28,2021-02-28 19:02:56.270
2021-02-28,20210228T185321_20210228T185546_T10TFM_2021_02_28,2021-02-28 19:02:53.381
2021-02-28,20210228T185321_20210228T185546_T10TFN_2021_02_28,2021-02-28 19:02:38.794
2021-02-28,20210228T185321_20210228T185546_T10TFP_2021_02_28,2021-02-28 19:02:24.338
2021-02-28,20210228T185321_20210228T185546_T10TFQ_2021_02_28,2021-02-28 19:02:09.672
2021-02-28,20210228T185321_20210228T185546_T10TFR_2021_02_28,2021-02-28 19:01:54.787
2021-02-28,20210228T185321_20210228T185546_T10TGN_2021_02_28,2021-02-28 19:02:35.673
2021-02-28,20210228T185321_20210228T185546_T10TGP_2021_02_28,2021-02-28 19:02:21.130
2021-02-28,20210228T185321_20210228T185546_T10TGR_2021_02_28,2021-02-28 19:01:52.000
2021-02-28,20210228T185321_20210228T185546_T10TGS_2021_02_28,2021-02-28 19:01:37.240
2021-02-28,20210228T185321_20210228T185546_T11TKG_2021_02_28,2021-02-28 19:02:50.155
2021-02-28,20210228T185321_20210228T185546_T11TLH_2021_02_28,2021-02-28 19:02:31.181
2021-02-28,20210228T185321_20210228T185546_T11TLM_2021_02_28,2021-02-28 19:01:34.564
2021-02-28,20210228T185321_20210228T185546_T11TMH_2021_02_28,2021-02-28 19:02:22.119
2021-02-28,20210228T185321_20210228T185546_T11TMJ_2021_02_28,2021-02-28 19:02:11.946
2021-03-02,20210302T184259_20210302T184946_T11TLK_2021_03_02,2021-03-02 18:52:05.016
2021-03-02,20210302T184259_20210302T184946_T11TMK_2021_03_02,2021-03-02 18:52:01.620
2021-03-02,20210302T184259_20210302T184946_T11TNJ_2021_03_02,2021-03-02 18:52:12.076
2021-03-02,20210302T184259_20210302T184946_T11TNK_2021_03_02,2021-03-02 18:51:57.791
2021-03-03,20210303T190301_20210303T190301_T10TDS_2021_03_03,2021-03-03 19:11:44.626
2021-03-03,20210303T190301_20210303T190301_T10TER_2021_03_03,2021-03-03 19:11:55.592
2021-03-03,20210303T190301_20210303T190301_T10TES_2021_03_03,2021-03-03 19:11:41.000
2021-03-03,20210303T190301_20210303T190301_T10TFQ_2021_03_03,2021-03-03 19:12:02.157
2021-03-03,20210303T190301_20210303T190301_T10TFR_2021_03_03,2021-03-03 19:11:51.962
2021-03-03,20210303T190301_20210303T190301_T10TFS_2021_03_03,2021-03-03 19:11:37.529
2021-03-03,20210303T190301_20210303T190301_T10TGQ_2021_03_03,2021-03-03 19:11:59.880
2021-03-03,20210303T190301_20210303T190301_T10TGR_2021_03_03,2021-03-03 19:11:48.202
2021-03-03,20210303T190301_20210303T190301_T10TGS_2021_03_03,2021-03-03 19:11:33.536
2021-03-03,20210303T190301_20210303T190301_T11TLL_2021_03_03,2021-03-03 19:11:38.935
2021-03-03,20210303T190301_20210303T190301_T11TLM_2021_03_03,2021-03-03 19:11:29.160
2021-03-03,20210303T190301_20210303T191159_T10TDM_2021_03_03,2021-03-03 19:12:57.110
2021-03-03,20210303T190301_20210303T191159_T10TEN_2021_03_03,2021-03-03 19:12:38.969
2021-03-03,20210303T190301_20210303T191159_T10TEP_2021_03_03,2021-03-03 19:12:24.570
2021-03-03,20210303T190301_20210303T191159_T10TFN_2021_03_03,2021-03-03 19:12:34.886
2021-03-03,20210303T190301_20210303T191159_T10TFP_2021_03_03,2021-03-03 19:12:20.438
2021-03-03,20210303T190301_20210303T191159_T10TFQ_2021_03_03,2021-03-03 19:12:08.592
2021-03-03,20210303T190301_20210303T191159_T10TGP_2021_03_03,2021-03-03 19:12:13.129
2021-03-03,20210303T190301_20210303T191159_T10TGQ_2021_03_03,2021-03-03 19:12:06.037
2021-03-04,20210304T183241_20210304T183953_T11TMG_2021_03_04,2021-03-04 18:42:49.065
2021-03-04,20210304T183241_20210304T183953_T11TMH_2021_03_04,2021-03-04 18:42:37.162
2021-03-04,20210304T183241_20210304T183953_T11TNG_2021_03_04,2021-03-04 18:42:45.429
2021-03-10,20210310T185211_20210310T185241_T11TNL_2021_03_10,2021-03-10 19:01:33.346
2021-03-10,20210310T185211_20210310T185241_T11TNM_2021_03_10,2021-03-10 19:01:23.489
2021-03-11,20210311T191209_20210311T191658_T10TCM_2021_03_11,2021-03-11 19:22:56.911
2021-03-11,20210311T191209_20210311T191658_T10TCQ_2021_03_11,2021-03-11 19:22:13.958
2021-03-11,20210311T191209_20210311T191658_T10TCR_2021_03_11,2021-03-11 19:21:59.579
2021-03-11,20210311T191209_20210311T191658_T10TDM_2021_03_11,2021-03-11 19:22:52.610
2021-03-11,20210311T191209_20210311T191658_T10TDR_2021_03_11,2021-03-11 19:21:55.522
2021-03-11,20210311T191209_20210311T191658_T10TDS_2021_03_11,2021-03-11 19:21:41.267
2021-03-11,20210311T191209_20210311T191658_T10TER_2021_03_11,2021-03-11 19:21:51.325
2021-03-12,20210312T184049_20210312T185016_T10TGM_2021_03_12,2021-03-12 18:52:52.545
2021-03-12,20210312T184049_20210312T185016_T10TGN_2021_03_12,2021-03-12 18:52:38.870
2021-03-12,20210312T184049_20210312T185016_T10TGP_2021_03_12,2021-03-12 18:52:27.026
2021-03-12,20210312T184049_20210312T185016_T11TKG_2021_03_12,2021-03-12 18:52:52.599
2021-03-12,20210312T184049_20210312T185016_T11TLJ_2021_03_12,2021-03-12 18:52:20.220
2021-03-12,20210312T184049_20210312T185016_T11TLK_2021_03_12,2021-03-12 18:52:05.400
2021-03-12,20210312T184049_20210312T185016_T11TLL_2021_03_12,2021-03-12 18:51:51.271
2021-03-12,20210312T184049_20210312T185016_T11TLM_2021_03_12,2021-03-12 18:51:39.564
2021-03-12,20210312T184049_20210312T185016_T11TMG_2021_03_12,2021-03-12 18:52:45.183
2021-03-12,20210312T184049_20210312T185016_T11TMH_2021_03_12,2021-03-12 18:52:30.899
2021-03-12,20210312T184049_20210312T185016_T11TMJ_2021_03_12,2021-03-12 18:52:16.416
2021-03-12,20210312T184049_20210312T185016_T11TMK_2021_03_12,2021-03-12 18:52:02.006
2021-03-12,20210312T184049_20210312T185016_T11TML_2021_03_12,2021-03-12 18:51:47.468
2021-03-12,20210312T184049_20210312T185016_T11TMM_2021_03_12,2021-03-12 18:51:33.154
2021-03-12,20210312T184049_20210312T185016_T11TNG_2021_03_12,2021-03-12 18:52:41.009
2021-03-12,20210312T184049_20210312T185016_T11TNH_2021_03_12,2021-03-12 18:52:26.533
2021-03-12,20210312T184049_20210312T185016_T11TNJ_2021_03_12,2021-03-12 18:52:12.463
2021-03-12,20210312T184049_20210312T185016_T11TNK_2021_03_12,2021-03-12 18:51:58.177
2021-03-12,20210312T184049_20210312T185016_T11TNL_2021_03_12,2021-03-12 18:51:43.802
2021-03-12,20210312T184049_20210312T185016_T11TNM_2021_03_12,2021-03-12 18:51:29.408
2021-03-13,20210313T190151_20210313T190616_T10TDM_2021_03_13,2021-03-13 19:12:56.776
2021-03-13,20210313T190151_20210313T190616_T10TEM_2021_03_13,2021-03-13 19:12:53.044
2021-03-13,20210313T190151_20210313T190616_T10TEN_2021_03_13,2021-03-13 19:12:38.630
2021-03-13,20210313T190151_20210313T190616_T10TEP_2021_03_13,2021-03-13 19:12:24.236
2021-03-13,20210313T190151_20210313T190616_T10TFM_2021_03_13,2021-03-13 19:12:49.199
2021-03-13,20210313T190151_20210313T190616_T10TFN_2021_03_13,2021-03-13 19:12:34.544
2021-03-13,20210313T190151_20210313T190616_T10TFP_2021_03_13,2021-03-13 19:12:20.107
2021-03-13,20210313T190151_20210313T190616_T10TGP_2021_03_13,2021-03-13 19:12:12.829
2021-03-13,20210313T190151_20210313T190616_T10TGQ_2021_03_13,2021-03-13 19:12:01.577
2021-03-13,20210313T190151_20210313T190616_T10TGR_2021_03_13,2021-03-13 19:11:47.872
2021-03-13,20210313T190151_20210313T190616_T11TLL_2021_03_13,2021-03-13 19:11:38.610
2021-03-14,20210314T183131_20210314T183617_T11TMH_2021_03_14,2021-03-14 18:42:36.815
2021-03-14,20210314T183131_20210314T183617_T11TNG_2021_03_14,2021-03-14 18:42:45.033
2021-03-16,20210316T191121_20210316T191444_T10TDN_2021_03_16,2021-03-16 19:22:38.116
2021-03-16,20210316T191121_20210316T191444_T10TDP_2021_03_16,2021-03-16 19:22:23.702
2021-03-16,20210316T191121_20210316T191444_T10TEP_2021_03_16,2021-03-16 19:22:15.878
2021-03-16,20210316T191121_20210316T191444_T10TEQ_2021_03_16,2021-03-16 19:22:05.010
2021-03-17,20210317T184111_20210317T184407_T11TNJ_2021_03_17,2021-03-17 18:52:12.308
2021-03-17,20210317T184111_20210317T184407_T11TNK_2021_03_17,2021-03-17 18:51:58.029
2021-03-17,20210317T184111_20210317T184407_T11TNL_2021_03_17,2021-03-17 18:51:43.648
2021-03-17,20210317T184111_20210317T184407_T11TNM_2021_03_17,2021-03-17 18:51:29.258
2021-03-23,20210323T190041_20210323T190614_T10TCM_2021_03_23,2021-03-23 19:12:59.054
2021-03-23,20210323T190041_20210323T190614_T10TDM_2021_03_23,2021-03-23 19:12:55.756
2021-03-23,20210323T190041_20210323T190614_T10TEM_2021_03_23,2021-03-23 19:12:52.027
2021-03-23,20210323T190041_20210323T190614_T10TFN_2021_03_23,2021-03-23 19:12:33.524
2021-03-23,20210323T190041_20210323T190614_T10TFQ_2021_03_23,2021-03-23 19:12:04.958
2021-03-23,20210323T190041_20210323T190614_T10TFR_2021_03_23,2021-03-23 19:11:50.612
2021-03-23,20210323T190041_20210323T190614_T10TFS_2021_03_23,2021-03-23 19:11:36.170
2021-03-23,20210323T190041_20210323T190614_T10TGR_2021_03_23,2021-03-23 19:11:46.856
2021-03-23,20210323T190041_20210323T190614_T10TGS_2021_03_23,2021-03-23 19:11:32.171
2021-03-23,20210323T190041_20210323T190614_T11TLL_2021_03_23,2021-03-23 19:11:37.624
2021-03-23,20210323T190041_20210323T190614_T11TLM_2021_03_23,2021-03-23 19:11:27.846
2021-03-26,20210326T191021_20210326T191934_T10TCM_2021_03_26,2021-03-26 19:22:55.661
2021-03-26,20210326T191021_20210326T191934_T10TDM_2021_03_26,2021-03-26 19:22:51.354
2021-03-26,20210326T191021_20210326T191934_T10TDN_2021_03_26,2021-03-26 19:22:36.901
2021-03-27,20210327T184001_20210327T184729_T10TGM_2021_03_27,2021-03-27 18:52:51.135
2021-03-27,20210327T184001_20210327T184729_T10TGN_2021_03_27,2021-03-27 18:52:37.455
2021-03-27,20210327T184001_20210327T184729_T10TGP_2021_03_27,2021-03-27 18:52:25.605
2021-03-27,20210327T184001_20210327T184729_T11TKG_2021_03_27,2021-03-27 18:52:51.187
2021-03-27,20210327T184001_20210327T184729_T11TLG_2021_03_27,2021-03-27 18:52:47.553
2021-03-27,20210327T184001_20210327T184729_T11TLH_2021_03_27,2021-03-27 18:52:33.252
2021-03-27,20210327T184001_20210327T184729_T11TLJ_2021_03_27,2021-03-27 18:52:18.808
2021-03-27,20210327T184001_20210327T184729_T11TLK_2021_03_27,2021-03-27 18:52:03.984
2021-03-27,20210327T184001_20210327T184729_T11TLL_2021_03_27,2021-03-27 18:51:49.856
2021-03-27,20210327T184001_20210327T184729_T11TMG_2021_03_27,2021-03-27 18:52:43.770
2021-03-27,20210327T184001_20210327T184729_T11TMH_2021_03_27,2021-03-27 18:52:29.484
2021-03-27,20210327T184001_20210327T184729_T11TMJ_2021_03_27,2021-03-27 18:52:15.003
2021-03-27,20210327T184001_20210327T184729_T11TMK_2021_03_27,2021-03-27 18:52:00.589
2021-03-27,20210327T184001_20210327T184729_T11TML_2021_03_27,2021-03-27 18:51:46.055
2021-03-27,20210327T184001_20210327T184729_T11TNG_2021_03_27,2021-03-27 18:52:39.591
2021-03-27,20210327T184001_20210327T184729_T11TNH_2021_03_27,2021-03-27 18:52:25.115
2021-03-27,20210327T184001_20210327T184729_T11TNJ_2021_03_27,2021-03-27 18:52:11.049
2021-03-27,20210327T184001_20210327T184729_T11TNK_2021_03_27,2021-03-27 18:51:56.759
2021-03-28,20210328T185939_20210328T190811_T10TDM_2021_03_28,2021-03-28 19:12:55.820
2021-03-28,20210328T185939_20210328T190811_T10TDN_2021_03_28,2021-03-28 19:12:41.258
2021-03-28,20210328T185939_20210328T190811_T10TEM_2021_03_28,2021-03-28 19:12:52.096
2021-03-28,20210328T185939_20210328T190811_T10TEN_2021_03_28,2021-03-28 19:12:37.690
2021-03-28,20210328T185939_20210328T190811_T10TEP_2021_03_28,2021-03-28 19:12:23.286
2021-03-28,20210328T185939_20210328T190811_T10TFM_2021_03_28,2021-03-28 19:12:48.254
2021-03-28,20210328T185939_20210328T190811_T10TFN_2021_03_28,2021-03-28 19:12:33.605
2021-03-28,20210328T185939_20210328T190811_T10TGP_2021_03_28,2021-03-28 19:12:11.958
2021-03-30,20210330T184941_20210330T185619_T10TEM_2021_03_30,2021-03-30 19:02:53.824
2021-03-30,20210330T184941_20210330T185619_T10TEN_2021_03_30,2021-03-30 19:02:39.963
2021-03-30,20210330T184941_20210330T185619_T10TEP_2021_03_30,2021-03-30 19:02:28.154
2021-03-30,20210330T184941_20210330T185619_T10TFM_2021_03_30,2021-03-30 19:02:50.936
2021-03-30,20210330T184941_20210330T185619_T10TFN_2021_03_30,2021-03-30 19:02:36.359
2021-03-30,20210330T184941_20210330T185619_T10TFP_2021_03_30,2021-03-30 19:02:21.899
2021-03-30,20210330T184941_20210330T185619_T10TFQ_2021_03_30,2021-03-30 19:02:07.229
2021-03-30,20210330T184941_20210330T185619_T10TFR_2021_03_30,2021-03-30 19:01:52.335
2021-03-30,20210330T184941_20210330T185619_T10TFS_2021_03_30,2021-03-30 19:01:37.705
2021-03-30,20210330T184941_20210330T185619_T10TGM_2021_03_30,2021-03-30 19:02:47.681
2021-03-30,20210330T184941_20210330T185619_T10TGN_2021_03_30,2021-03-30 19:02:33.243
2021-03-30,20210330T184941_20210330T185619_T10TGP_2021_03_30,2021-03-30 19:02:18.689
2021-03-30,20210330T184941_20210330T185619_T10TGS_2021_03_30,2021-03-30 19:01:34.794
2021-03-30,20210330T184941_20210330T185619_T11TKG_2021_03_30,2021-03-30 19:02:47.716
2021-03-30,20210330T184941_20210330T185619_T11TLG_2021_03_30,2021-03-30 19:02:43.245
2021-03-30,20210330T184941_20210330T185619_T11TLH_2021_03_30,2021-03-30 19:02:28.746
2021-03-30,20210330T184941_20210330T185619_T11TLJ_2021_03_30,2021-03-30 19:02:14.797
2021-03-30,20210330T184941_20210330T185619_T11TLM_2021_03_30,2021-03-30 19:01:32.119
2021-03-30,20210330T184941_20210330T185619_T11TMH_2021_03_30,2021-03-30 19:02:19.755
2021-03-31,20210331T190939_20210331T191759_T10TCM_2021_03_31,2021-03-31 19:22:55.810
2021-03-31,20210331T190939_20210331T191759_T10TCN_2021_03_31,2021-03-31 19:22:41.483
2021-03-31,20210331T190939_20210331T191759_T10TDM_2021_03_31,2021-03-31 19:22:51.508
2021-03-31,20210331T190939_20210331T191759_T10TDN_2021_03_31,2021-03-31 19:22:37.063
2021-03-31,20210331T190939_20210331T191759_T10TDP_2021_03_31,2021-03-31 19:22:22.660
2021-03-31,20210331T190939_20210331T191759_T10TDQ_2021_03_31,2021-03-31 19:22:08.683
2021-03-31,20210331T190939_20210331T191759_T10TEP_2021_03_31,2021-03-31 19:22:14.896
2021-03-31,20210331T190939_20210331T191759_T10TEQ_2021_03_31,2021-03-31 19:22:03.985
2021-03-31,20210331T190939_20210331T191759_T10TER_2021_03_31,2021-03-31 19:21:50.225
2021-03-31,20210331T190939_20210331T191759_T10TES_2021_03_31,2021-03-31 19:21:35.639
2021-04-01,20210401T183919_20210401T184709_T10TGM_2021_04_01,2021-04-01 18:52:51.312
2021-04-01,20210401T183919_20210401T184709_T10TGN_2021_04_01,2021-04-01 18:52:37.640
2021-04-01,20210401T183919_20210401T184709_T11TKG_2021_04_01,2021-04-01 18:52:51.367
2021-04-01,20210401T183919_20210401T184709_T11TLG_2021_04_01,2021-04-01 18:52:47.730
2021-04-01,20210401T183919_20210401T184709_T11TLH_2021_04_01,2021-04-01 18:52:33.430
2021-04-01,20210401T183919_20210401T184709_T11TLJ_2021_04_01,2021-04-01 18:52:18.979
2021-04-01,20210401T183919_20210401T184709_T11TLK_2021_04_01,2021-04-01 18:52:04.157
2021-04-01,20210401T183919_20210401T184709_T11TLL_2021_04_01,2021-04-01 18:51:50.031
2021-04-01,20210401T183919_20210401T184709_T11TMG_2021_04_01,2021-04-01 18:52:43.947
2021-04-01,20210401T183919_20210401T184709_T11TMH_2021_04_01,2021-04-01 18:52:29.665
2021-04-01,20210401T183919_20210401T184709_T11TMJ_2021_04_01,2021-04-01 18:52:15.176
2021-04-01,20210401T183919_20210401T184709_T11TMK_2021_04_01,2021-04-01 18:52:00.764
2021-04-01,20210401T183919_20210401T184709_T11TML_2021_04_01,2021-04-01 18:51:46.227
2021-04-01,20210401T183919_20210401T184709_T11TNG_2021_04_01,2021-04-01 18:52:39.771
2021-04-01,20210401T183919_20210401T184709_T11TNH_2021_04_01,2021-04-01 18:52:25.303
2021-04-01,20210401T183919_20210401T184709_T11TNJ_2021_04_01,2021-04-01 18:52:11.223
2021-04-01,20210401T183919_20210401T184709_T11TNK_2021_04_01,2021-04-01 18:51:56.940
2021-04-03,20210403T182911_20210403T183652_T11TMG_2021_04_03,2021-04-03 18:42:45.872
2021-04-03,20210403T182911_20210403T183652_T11TMH_2021_04_03,2021-04-03 18:42:34.078
2021-04-03,20210403T182911_20210403T183652_T11TNG_2021_04_03,2021-04-03 18:42:42.201
2021-04-04,20210404T184919_20210404T185610_T11TLG_2021_04_04,2021-04-04 19:02:43.519
2021-04-05,20210405T190911_20210405T191629_T10TCN_2021_04_05,2021-04-05 19:22:39.437
2021-04-05,20210405T190911_20210405T191629_T10TCP_2021_04_05,2021-04-05 19:22:25.204
2021-04-05,20210405T190911_20210405T191629_T10TCQ_2021_04_05,2021-04-05 19:22:10.816
2021-04-05,20210405T190911_20210405T191629_T10TDM_2021_04_05,2021-04-05 19:22:49.474
2021-04-05,20210405T190911_20210405T191629_T10TDN_2021_04_05,2021-04-05 19:22:35.011
2021-04-05,20210405T190911_20210405T191629_T10TDP_2021_04_05,2021-04-05 19:22:20.618
2021-04-05,20210405T190911_20210405T191629_T10TDQ_2021_04_05,2021-04-05 19:22:06.630
2021-04-05,20210405T190911_20210405T191629_T10TDR_2021_04_05,2021-04-05 19:21:52.377
2021-04-05,20210405T190911_20210405T191629_T10TEP_2021_04_05,2021-04-05 19:22:12.881
2021-04-05,20210405T190911_20210405T191629_T10TEQ_2021_04_05,2021-04-05 19:22:01.936
2021-04-05,20210405T190911_20210405T191629_T10TER_2021_04_05,2021-04-05 19:21:48.175
2021-04-05,20210405T190911_20210405T191629_T10TES_2021_04_05,2021-04-05 19:21:33.582
2021-04-06,20210406T183911_20210406T184109_T10TGM_2021_04_06,2021-04-06 18:52:45.351
2021-04-06,20210406T183911_20210406T184109_T10TGN_2021_04_06,2021-04-06 18:52:35.526
2021-04-06,20210406T183911_20210406T184109_T11TKG_2021_04_06,2021-04-06 18:52:45.508
2021-04-06,20210406T183911_20210406T184109_T11TLG_2021_04_06,2021-04-06 18:52:43.476
2021-04-06,20210406T183911_20210406T184109_T11TLH_2021_04_06,2021-04-06 18:52:31.300
2021-04-06,20210406T183911_20210406T184109_T11TLJ_2021_04_06,2021-04-06 18:52:16.847
2021-04-06,20210406T183911_20210406T184109_T11TLK_2021_04_06,2021-04-06 18:52:02.026
2021-04-06,20210406T183911_20210406T184109_T11TLL_2021_04_06,2021-04-06 18:51:47.910
2021-04-06,20210406T183911_20210406T184109_T11TLM_2021_04_06,2021-04-06 18:51:36.232
2021-04-06,20210406T183911_20210406T184109_T11TMG_2021_04_06,2021-04-06 18:52:41.415
2021-04-06,20210406T183911_20210406T184109_T11TMH_2021_04_06,2021-04-06 18:52:27.529
2021-04-06,20210406T183911_20210406T184109_T11TMJ_2021_04_06,2021-04-06 18:52:13.048
2021-04-06,20210406T183911_20210406T184109_T11TMK_2021_04_06,2021-04-06 18:51:58.634
2021-04-06,20210406T183911_20210406T184109_T11TML_2021_04_06,2021-04-06 18:51:44.096
2021-04-06,20210406T183911_20210406T184109_T11TMM_2021_04_06,2021-04-06 18:51:29.784
2021-04-06,20210406T183911_20210406T184109_T11TNG_2021_04_06,2021-04-06 18:52:37.633
2021-04-06,20210406T183911_20210406T184109_T11TNH_2021_04_06,2021-04-06 18:52:23.167
2021-04-06,20210406T183911_20210406T184109_T11TNJ_2021_04_06,2021-04-06 18:52:09.097
2021-04-06,20210406T183911_20210406T184109_T11TNK_2021_04_06,2021-04-06 18:51:54.805
2021-04-06,20210406T183911_20210406T184109_T11TNL_2021_04_06,2021-04-06 18:51:40.431
2021-04-06,20210406T183911_20210406T184109_T11TNM_2021_04_06,2021-04-06 18:51:26.034
2021-04-06,20210406T183911_20210406T185242_T10TGM_2021_04_06,2021-04-06 18:52:51.916
2021-04-06,20210406T183911_20210406T185242_T11TKG_2021_04_06,2021-04-06 18:52:51.849
2021-04-06,20210406T183911_20210406T185242_T11TLG_2021_04_06,2021-04-06 18:52:50.090
2021-04-06,20210406T183911_20210406T185242_T11TMG_2021_04_06,2021-04-06 18:52:48.376
2021-04-07,20210407T185919_20210407T190655_T10TEM_2021_04_07,2021-04-07 19:12:50.742
2021-04-07,20210407T185919_20210407T190655_T10TEN_2021_04_07,2021-04-07 19:12:36.335
2021-04-07,20210407T185919_20210407T190655_T10TFN_2021_04_07,2021-04-07 19:12:32.245
2021-04-07,20210407T185919_20210407T190655_T10TFP_2021_04_07,2021-04-07 19:12:17.818
2021-04-07,20210407T185919_20210407T190655_T10TGP_2021_04_07,2021-04-07 19:12:10.664
2021-04-07,20210407T185919_20210407T190655_T10TGQ_2021_04_07,2021-04-07 19:11:59.325
2021-04-08,20210408T182919_20210408T184159_T11TMG_2021_04_08,2021-04-08 18:42:46.324
2021-04-09,20210409T184911_20210409T185339_T10TEM_2021_04_09,2021-04-09 19:02:51.693
2021-04-09,20210409T184911_20210409T185339_T10TEN_2021_04_09,2021-04-09 19:02:37.861
2021-04-09,20210409T184911_20210409T185339_T10TEP_2021_04_09,2021-04-09 19:02:26.128
2021-04-09,20210409T184911_20210409T185339_T10TFM_2021_04_09,2021-04-09 19:02:48.802
2021-04-09,20210409T184911_20210409T185339_T10TFP_2021_04_09,2021-04-09 19:02:19.772
2021-04-09,20210409T184911_20210409T185339_T10TFQ_2021_04_09,2021-04-09 19:02:05.097
2021-04-09,20210409T184911_20210409T185339_T10TFR_2021_04_09,2021-04-09 19:01:50.199
2021-04-09,20210409T184911_20210409T185339_T10TGM_2021_04_09,2021-04-09 19:02:45.550
2021-04-09,20210409T184911_20210409T185339_T10TGN_2021_04_09,2021-04-09 19:02:31.118
2021-04-09,20210409T184911_20210409T185339_T10TGP_2021_04_09,2021-04-09 19:02:16.557
2021-04-09,20210409T184911_20210409T185339_T10TGQ_2021_04_09,2021-04-09 19:02:01.954
2021-04-09,20210409T184911_20210409T185339_T10TGR_2021_04_09,2021-04-09 19:01:47.420
2021-04-09,20210409T184911_20210409T185339_T11TKG_2021_04_09,2021-04-09 19:02:45.585
2021-04-09,20210409T184911_20210409T185339_T11TLG_2021_04_09,2021-04-09 19:02:41.110
2021-04-09,20210409T184911_20210409T185339_T11TLH_2021_04_09,2021-04-09 19:02:26.614
2021-04-09,20210409T184911_20210409T185339_T11TLJ_2021_04_09,2021-04-09 19:02:12.675
2021-04-09,20210409T184911_20210409T185339_T11TLK_2021_04_09,2021-04-09 19:01:58.532
2021-04-09,20210409T184911_20210409T185339_T11TLL_2021_04_09,2021-04-09 19:01:44.316
2021-04-09,20210409T184911_20210409T185339_T11TMH_2021_04_09,2021-04-09 19:02:17.701
2021-04-09,20210409T184911_20210409T185339_T11TMJ_2021_04_09,2021-04-09 19:02:07.460
2021-04-09,20210409T184911_20210409T185339_T11TMK_2021_04_09,2021-04-09 19:01:54.173
2021-04-09,20210409T184911_20210409T185339_T11TML_2021_04_09,2021-04-09 19:01:39.617
2021-04-09,20210409T184911_20210409T185339_T11TMM_2021_04_09,2021-04-09 19:01:25.474
2021-04-09,20210409T184911_20210409T185339_T11TNL_2021_04_09,2021-04-09 19:01:29.064
2021-04-09,20210409T184911_20210409T185339_T11TNM_2021_04_09,2021-04-09 19:01:19.227
2021-04-11,20210411T183919_20210411T185011_T10TGM_2021_04_11,2021-04-11 18:52:49.742
2021-04-11,20210411T183919_20210411T185011_T10TGN_2021_04_11,2021-04-11 18:52:36.082
2021-04-11,20210411T183919_20210411T185011_T10TGP_2021_04_11,2021-04-11 18:52:24.338
2021-04-11,20210411T183919_20210411T185011_T11TKG_2021_04_11,2021-04-11 18:52:49.805
2021-04-11,20210411T183919_20210411T185011_T11TLG_2021_04_11,2021-04-11 18:52:46.156
2021-04-11,20210411T183919_20210411T185011_T11TLH_2021_04_11,2021-04-11 18:52:31.855
2021-04-11,20210411T183919_20210411T185011_T11TLJ_2021_04_11,2021-04-11 18:52:17.405
2021-04-11,20210411T183919_20210411T185011_T11TLM_2021_04_11,2021-04-11 18:51:36.804
2021-04-11,20210411T183919_20210411T185011_T11TMG_2021_04_11,2021-04-11 18:52:42.375
2021-04-11,20210411T183919_20210411T185011_T11TMH_2021_04_11,2021-04-11 18:52:28.087
2021-04-11,20210411T183919_20210411T185011_T11TMJ_2021_04_11,2021-04-11 18:52:13.608
2021-04-11,20210411T183919_20210411T185011_T11TNG_2021_04_11,2021-04-11 18:52:38.193
2021-04-11,20210411T183919_20210411T185011_T11TNH_2021_04_11,2021-04-11 18:52:23.731
2021-04-11,20210411T183919_20210411T185011_T11TNJ_2021_04_11,2021-04-11 18:52:09.658
2021-04-11,20210411T183919_20210411T185011_T11TNK_2021_04_11,2021-04-11 18:51:55.369
2021-04-12,20210412T185911_20210412T190457_T10TCM_2021_04_12,2021-04-12 19:12:55.066
2021-04-12,20210412T185911_20210412T190457_T10TCN_2021_04_12,2021-04-12 19:12:40.953
2021-04-12,20210412T185911_20210412T190457_T10TCP_2021_04_12,2021-04-12 19:12:29.086
2021-04-12,20210412T185911_20210412T190457_T10TDM_2021_04_12,2021-04-12 19:12:51.776
2021-04-12,20210412T185911_20210412T190457_T10TDN_2021_04_12,2021-04-12 19:12:37.224
2021-04-12,20210412T185911_20210412T190457_T10TDP_2021_04_12,2021-04-12 19:12:22.877
2021-04-12,20210412T185911_20210412T190457_T10TDQ_2021_04_12,2021-04-12 19:12:08.326
2021-04-12,20210412T185911_20210412T190457_T10TDR_2021_04_12,2021-04-12 19:11:53.451
2021-04-12,20210412T185911_20210412T190457_T10TDS_2021_04_12,2021-04-12 19:11:39.348
2021-04-12,20210412T185911_20210412T190457_T10TEM_2021_04_12,2021-04-12 19:12:48.053
2021-04-12,20210412T185911_20210412T190457_T10TEN_2021_04_12,2021-04-12 19:12:33.657
2021-04-12,20210412T185911_20210412T190457_T10TEP_2021_04_12,2021-04-12 19:12:19.240
2021-04-12,20210412T185911_20210412T190457_T10TES_2021_04_12,2021-04-12 19:11:35.675
2021-04-12,20210412T185911_20210412T190457_T10TFM_2021_04_12,2021-04-12 19:12:44.211
2021-04-12,20210412T185911_20210412T190457_T10TFN_2021_04_12,2021-04-12 19:12:29.560
2021-04-12,20210412T185911_20210412T190457_T10TFS_2021_04_12,2021-04-12 19:11:32.212
2021-04-12,20210412T185911_20210412T190457_T10TGS_2021_04_12,2021-04-12 19:11:28.205
2021-04-12,20210412T185911_20210412T190457_T11TLL_2021_04_12,2021-04-12 19:11:33.756
2021-04-12,20210412T185911_20210412T190457_T11TLM_2021_04_12,2021-04-12 19:11:23.960
2021-04-14,20210414T184919_20210414T190104_T10TEM_2021_04_14,2021-04-14 19:02:52.350
2021-04-14,20210414T184919_20210414T190104_T10TEN_2021_04_14,2021-04-14 19:02:38.531
2021-04-14,20210414T184919_20210414T190104_T10TEP_2021_04_14,2021-04-14 19:02:26.785
2021-04-14,20210414T184919_20210414T190104_T10TFP_2021_04_14,2021-04-14 19:02:20.431
2021-04-14,20210414T184919_20210414T190104_T10TFQ_2021_04_14,2021-04-14 19:02:05.764
2021-04-14,20210414T184919_20210414T190104_T10TFR_2021_04_14,2021-04-14 19:01:50.858
2021-04-14,20210414T184919_20210414T190104_T10TFS_2021_04_14,2021-04-14 19:01:36.248
2021-04-14,20210414T184919_20210414T190104_T10TGQ_2021_04_14,2021-04-14 19:02:02.623
2021-04-14,20210414T184919_20210414T190104_T10TGR_2021_04_14,2021-04-14 19:01:48.082
2021-04-14,20210414T184919_20210414T190104_T10TGS_2021_04_14,2021-04-14 19:01:33.327
2021-04-14,20210414T184919_20210414T190104_T11TLG_2021_04_14,2021-04-14 19:02:41.782
2021-04-14,20210414T184919_20210414T190104_T11TLL_2021_04_14,2021-04-14 19:01:44.981
2021-04-14,20210414T184919_20210414T190104_T11TLM_2021_04_14,2021-04-14 19:01:30.653
2021-04-14,20210414T184919_20210414T190104_T11TMM_2021_04_14,2021-04-14 19:01:26.142
2021-04-14,20210414T184919_20210414T190104_T11TNL_2021_04_14,2021-04-14 19:01:29.740
2021-04-14,20210414T184919_20210414T190104_T11TNM_2021_04_14,2021-04-14 19:01:19.889
2021-04-15,20210415T190911_20210415T191743_T10TCM_2021_04_15,2021-04-15 19:22:51.388
2021-04-15,20210415T190911_20210415T191743_T10TCP_2021_04_15,2021-04-15 19:22:22.817
2021-04-15,20210415T190911_20210415T191743_T10TCQ_2021_04_15,2021-04-15 19:22:08.440
2021-04-15,20210415T190911_20210415T191743_T10TCR_2021_04_15,2021-04-15 19:21:54.048
2021-04-15,20210415T190911_20210415T191743_T10TCS_2021_04_15,2021-04-15 19:21:39.632
2021-04-15,20210415T190911_20210415T191743_T10TDM_2021_04_15,2021-04-15 19:22:47.101
2021-04-15,20210415T190911_20210415T191743_T10TDN_2021_04_15,2021-04-15 19:22:32.612
2021-04-15,20210415T190911_20210415T191743_T10TDP_2021_04_15,2021-04-15 19:22:18.246
2021-04-15,20210415T190911_20210415T191743_T10TDQ_2021_04_15,2021-04-15 19:22:04.257
2021-04-15,20210415T190911_20210415T191743_T10TDR_2021_04_15,2021-04-15 19:21:49.998
2021-04-15,20210415T190911_20210415T191743_T10TDS_2021_04_15,2021-04-15 19:21:35.750
2021-04-15,20210415T190911_20210415T191743_T10TEP_2021_04_15,2021-04-15 19:22:10.666
2021-04-15,20210415T190911_20210415T191743_T10TEQ_2021_04_15,2021-04-15 19:21:59.612
2021-04-15,20210415T190911_20210415T191743_T10TER_2021_04_15,2021-04-15 19:21:45.789
2021-04-15,20210415T190911_20210415T191743_T10TES_2021_04_15,2021-04-15 19:21:31.201
2021-04-16,20210416T183911_20210416T184408_T11TLJ_2021_04_16,2021-04-16 18:52:14.973
2021-04-16,20210416T183911_20210416T184408_T11TLK_2021_04_16,2021-04-16 18:52:00.146
2021-04-16,20210416T183911_20210416T184408_T11TLL_2021_04_16,2021-04-16 18:51:46.092
2021-04-16,20210416T183911_20210416T184408_T11TLM_2021_04_16,2021-04-16 18:51:34.528
2021-04-16,20210416T183911_20210416T184408_T11TMK_2021_04_16,2021-04-16 18:51:56.760
2021-04-16,20210416T183911_20210416T184408_T11TML_2021_04_16,2021-04-16 18:51:42.233
2021-04-16,20210416T183911_20210416T184408_T11TMM_2021_04_16,2021-04-16 18:51:27.923
2021-04-16,20210416T183911_20210416T184408_T11TNK_2021_04_16,2021-04-16 18:51:52.936
2021-04-16,20210416T183911_20210416T184408_T11TNL_2021_04_16,2021-04-16 18:51:38.574
2021-04-16,20210416T183911_20210416T184408_T11TNM_2021_04_16,2021-04-16 18:51:24.162
2021-04-17,20210417T185909_20210417T190827_T10TDM_2021_04_17,2021-04-17 19:12:52.542
2021-04-17,20210417T185909_20210417T190827_T10TDN_2021_04_17,2021-04-17 19:12:37.981
2021-04-17,20210417T185909_20210417T190827_T10TDP_2021_04_17,2021-04-17 19:12:23.640
2021-04-17,20210417T185909_20210417T190827_T10TDQ_2021_04_17,2021-04-17 19:12:09.083
2021-04-17,20210417T185909_20210417T190827_T10TDR_2021_04_17,2021-04-17 19:11:54.218
2021-04-17,20210417T185909_20210417T190827_T10TDS_2021_04_17,2021-04-17 19:11:40.104
2021-04-17,20210417T185909_20210417T190827_T10TEM_2021_04_17,2021-04-17 19:12:48.822
2021-04-17,20210417T185909_20210417T190827_T10TEN_2021_04_17,2021-04-17 19:12:34.415
2021-04-17,20210417T185909_20210417T190827_T10TEP_2021_04_17,2021-04-17 19:12:20.006
2021-04-17,20210417T185909_20210417T190827_T10TEQ_2021_04_17,2021-04-17 19:12:05.513
2021-04-17,20210417T185909_20210417T190827_T10TER_2021_04_17,2021-04-17 19:11:51.022
2021-04-17,20210417T185909_20210417T190827_T10TES_2021_04_17,2021-04-17 19:11:36.434
2021-04-17,20210417T185909_20210417T190827_T10TFM_2021_04_17,2021-04-17 19:12:44.985
2021-04-17,20210417T185909_20210417T190827_T10TFN_2021_04_17,2021-04-17 19:12:30.323
2021-04-17,20210417T185909_20210417T190827_T10TFP_2021_04_17,2021-04-17 19:12:15.898
2021-04-17,20210417T185909_20210417T190827_T10TFQ_2021_04_17,2021-04-17 19:12:01.766
2021-04-17,20210417T185909_20210417T190827_T10TFR_2021_04_17,2021-04-17 19:11:47.406
2021-04-17,20210417T185909_20210417T190827_T10TFS_2021_04_17,2021-04-17 19:11:32.974
2021-04-17,20210417T185909_20210417T190827_T10TGP_2021_04_17,2021-04-17 19:12:08.773
2021-04-17,20210417T185909_20210417T190827_T10TGQ_2021_04_17,2021-04-17 19:11:57.416
2021-04-17,20210417T185909_20210417T190827_T10TGR_2021_04_17,2021-04-17 19:11:43.655
2021-04-17,20210417T185909_20210417T190827_T10TGS_2021_04_17,2021-04-17 19:11:28.973
2021-04-17,20210417T185909_20210417T190827_T11TLL_2021_04_17,2021-04-17 19:11:34.516
2021-04-17,20210417T185909_20210417T190827_T11TLM_2021_04_17,2021-04-17 19:11:24.727
2021-04-18,20210418T182909_20210418T183556_T11TMG_2021_04_18,2021-04-18 18:42:44.345
2021-04-18,20210418T182909_20210418T183556_T11TMH_2021_04_18,2021-04-18 18:42:32.626
2021-04-18,20210418T182909_20210418T183556_T11TNG_2021_04_18,2021-04-18 18:42:40.651
2021-04-18,20210418T182909_20210418T183556_T11TNH_2021_04_18,2021-04-18 18:42:26.252
2021-04-18,20210418T182909_20210418T183556_T11TNJ_2021_04_18,2021-04-18 18:42:11.623
2021-04-18,20210418T182909_20210418T183556_T11TNK_2021_04_18,2021-04-18 18:41:56.724
2021-04-19,20210419T184911_20210419T185259_T10TFR_2021_04_19,2021-04-19 19:01:49.881
2021-04-19,20210419T184911_20210419T185259_T10TFS_2021_04_19,2021-04-19 19:01:35.289
2021-04-19,20210419T184911_20210419T185259_T10TGN_2021_04_19,2021-04-19 19:02:30.815
2021-04-19,20210419T184911_20210419T185259_T10TGP_2021_04_19,2021-04-19 19:02:16.243
2021-04-19,20210419T184911_20210419T185259_T10TGQ_2021_04_19,2021-04-19 19:02:01.649
2021-04-19,20210419T184911_20210419T185259_T10TGR_2021_04_19,2021-04-19 19:01:47.106
2021-04-19,20210419T184911_20210419T185259_T10TGS_2021_04_19,2021-04-19 19:01:32.347
2021-04-19,20210419T184911_20210419T185259_T11TLG_2021_04_19,2021-04-19 19:02:40.789
2021-04-19,20210419T184911_20210419T185259_T11TLJ_2021_04_19,2021-04-19 19:02:12.367
2021-04-19,20210419T184911_20210419T185259_T11TLK_2021_04_19,2021-04-19 19:01:58.218
2021-04-19,20210419T184911_20210419T185259_T11TLL_2021_04_19,2021-04-19 19:01:44.009
2021-04-19,20210419T184911_20210419T185259_T11TLM_2021_04_19,2021-04-19 19:01:29.672
2021-04-19,20210419T184911_20210419T185259_T11TMH_2021_04_19,2021-04-19 19:02:17.480
2021-04-19,20210419T184911_20210419T185259_T11TMJ_2021_04_19,2021-04-19 19:02:07.193
2021-04-19,20210419T184911_20210419T185259_T11TMK_2021_04_19,2021-04-19 19:01:53.857
2021-04-19,20210419T184911_20210419T185259_T11TMM_2021_04_19,2021-04-19 19:01:25.171
2021-04-19,20210419T184911_20210419T185259_T11TNL_2021_04_19,2021-04-19 19:01:28.835
2021-04-19,20210419T184911_20210419T185259_T11TNM_2021_04_19,2021-04-19 19:01:19.004
2021-04-20,20210420T190909_20210420T191241_T10TDQ_2021_04_20,2021-04-20 19:21:56.230
2021-04-20,20210420T190909_20210420T191241_T10TDR_2021_04_20,2021-04-20 19:21:49.653
2021-04-20,20210420T190909_20210420T191241_T10TDS_2021_04_20,2021-04-20 19:21:36.519
2021-04-20,20210420T190909_20210420T191241_T10TEQ_2021_04_20,2021-04-20 19:21:54.874
2021-04-20,20210420T190909_20210420T191241_T10TER_2021_04_20,2021-04-20 19:21:46.566
2021-04-20,20210420T190909_20210420T191241_T10TES_2021_04_20,2021-04-20 19:21:31.983
2021-04-20,20210420T190909_20210420T192149_T10TDQ_2021_04_20,2021-04-20 19:22:05.030
2021-04-20,20210420T190909_20210420T192149_T10TDR_2021_04_20,2021-04-20 19:21:56.426
2021-04-20,20210420T190909_20210420T192149_T10TEP_2021_04_20,2021-04-20 19:22:11.342
2021-04-20,20210420T190909_20210420T192149_T10TEQ_2021_04_20,2021-04-20 19:22:00.436
2021-04-20,20210420T190909_20210420T192149_T10TER_2021_04_20,2021-04-20 19:21:54.862
2021-04-21,20210421T183909_20210421T184741_T10TGM_2021_04_21,2021-04-21 18:52:47.540
2021-04-21,20210421T183909_20210421T184741_T10TGN_2021_04_21,2021-04-21 18:52:33.900
2021-04-21,20210421T183909_20210421T184741_T10TGP_2021_04_21,2021-04-21 18:52:22.214
2021-04-21,20210421T183909_20210421T184741_T11TKG_2021_04_21,2021-04-21 18:52:47.611
2021-04-21,20210421T183909_20210421T184741_T11TLG_2021_04_21,2021-04-21 18:52:43.951
2021-04-21,20210421T183909_20210421T184741_T11TLH_2021_04_21,2021-04-21 18:52:29.654
2021-04-21,20210421T183909_20210421T184741_T11TLJ_2021_04_21,2021-04-21 18:52:15.198
2021-04-21,20210421T183909_20210421T184741_T11TLK_2021_04_21,2021-04-21 18:52:00.371
2021-04-21,20210421T183909_20210421T184741_T11TLL_2021_04_21,2021-04-21 18:51:46.290
2021-04-21,20210421T183909_20210421T184741_T11TLM_2021_04_21,2021-04-21 18:51:34.654
2021-04-21,20210421T183909_20210421T184741_T11TMG_2021_04_21,2021-04-21 18:52:40.174
2021-04-21,20210421T183909_20210421T184741_T11TMH_2021_04_21,2021-04-21 18:52:25.882
2021-04-21,20210421T183909_20210421T184741_T11TMJ_2021_04_21,2021-04-21 18:52:11.408
2021-04-21,20210421T183909_20210421T184741_T11TMK_2021_04_21,2021-04-21 18:51:56.985
2021-04-21,20210421T183909_20210421T184741_T11TML_2021_04_21,2021-04-21 18:51:42.454
2021-04-21,20210421T183909_20210421T184741_T11TMM_2021_04_21,2021-04-21 18:51:28.136
2021-04-21,20210421T183909_20210421T184741_T11TNG_2021_04_21,2021-04-21 18:52:35.987
2021-04-21,20210421T183909_20210421T184741_T11TNH_2021_04_21,2021-04-21 18:52:21.532
2021-04-21,20210421T183909_20210421T184741_T11TNJ_2021_04_21,2021-04-21 18:52:07.460
2021-04-21,20210421T183909_20210421T184741_T11TNK_2021_04_21,2021-04-21 18:51:53.166
2021-04-21,20210421T183909_20210421T184741_T11TNL_2021_04_21,2021-04-21 18:51:38.791
2021-04-21,20210421T183909_20210421T184741_T11TNM_2021_04_21,2021-04-21 18:51:24.385
2021-04-22,20210422T185911_20210422T190002_T10TFR_2021_04_22,2021-04-22 19:11:37.831
2021-04-22,20210422T185911_20210422T190002_T10TGR_2021_04_22,2021-04-22 19:11:37.371
2021-04-22,20210422T185911_20210422T190002_T11TLL_2021_04_22,2021-04-22 19:11:35.049
2021-04-22,20210422T185911_20210422T191132_T10TCM_2021_04_22,2021-04-22 19:12:56.300
2021-04-22,20210422T185911_20210422T191132_T10TCN_2021_04_22,2021-04-22 19:12:42.212
2021-04-22,20210422T185911_20210422T191132_T10TCP_2021_04_22,2021-04-22 19:12:30.399
2021-04-22,20210422T185911_20210422T191132_T10TDM_2021_04_22,2021-04-22 19:12:53.009
2021-04-22,20210422T185911_20210422T191132_T10TDN_2021_04_22,2021-04-22 19:12:38.463
2021-04-22,20210422T185911_20210422T191132_T10TDP_2021_04_22,2021-04-22 19:12:24.117
2021-04-22,20210422T185911_20210422T191132_T10TEM_2021_04_22,2021-04-22 19:12:49.287
2021-04-22,20210422T185911_20210422T191132_T10TEN_2021_04_22,2021-04-22 19:12:34.897
2021-04-22,20210422T185911_20210422T191132_T10TEP_2021_04_22,2021-04-22 19:12:20.473
2021-04-22,20210422T185911_20210422T191132_T10TFM_2021_04_22,2021-04-22 19:12:45.444
2021-04-22,20210422T185911_20210422T191132_T10TFN_2021_04_22,2021-04-22 19:12:30.791
2021-04-22,20210422T185911_20210422T191132_T10TFQ_2021_04_22,2021-04-22 19:12:02.244
2021-04-22,20210422T185911_20210422T191132_T10TGP_2021_04_22,2021-04-22 19:12:09.326
2021-04-22,20210422T185911_20210422T191132_T10TGQ_2021_04_22,2021-04-22 19:11:57.911
2021-04-22,20210422T185911_20210422T191132_T10TGR_2021_04_22,2021-04-22 19:11:44.167
2021-04-22,20210422T185911_20210422T191132_T10TGS_2021_04_22,2021-04-22 19:11:37.075
2021-04-22,20210422T185911_20210422T191132_T11TLL_2021_04_22,2021-04-22 19:11:35.689
2021-04-23,20210423T182911_20210423T183611_T11TMG_2021_04_23,2021-04-23 18:42:45.316
2021-04-23,20210423T182911_20210423T183611_T11TMH_2021_04_23,2021-04-23 18:42:33.647
2021-04-27,20210427T185909_20210427T190732_T10TDM_2021_04_27,2021-04-27 19:12:52.496
2021-04-27,20210427T185909_20210427T190732_T10TEM_2021_04_27,2021-04-27 19:12:48.774
2021-04-27,20210427T185909_20210427T190732_T10TEN_2021_04_27,2021-04-27 19:12:34.366
2021-04-27,20210427T185909_20210427T190732_T10TEP_2021_04_27,2021-04-27 19:12:19.961
2021-04-27,20210427T185909_20210427T190732_T10TFM_2021_04_27,2021-04-27 19:12:44.933
2021-04-27,20210427T185909_20210427T190732_T10TFN_2021_04_27,2021-04-27 19:12:30.279
2021-04-28,20210428T182909_20210428T183426_T11TMG_2021_04_28,2021-04-28 18:42:44.699
2021-04-28,20210428T182909_20210428T183426_T11TMH_2021_04_28,2021-04-28 18:42:32.908
2021-04-28,20210428T182909_20210428T183426_T11TNG_2021_04_28,2021-04-28 18:42:41.031
2021-04-28,20210428T182909_20210428T183426_T11TNH_2021_04_28,2021-04-28 18:42:26.632
2021-04-28,20210428T182909_20210428T183426_T11TNJ_2021_04_28,2021-04-28 18:42:12.010
2021-04-28,20210428T182909_20210428T183426_T11TNK_2021_04_28,2021-04-28 18:41:57.111
2021-05-02,20210502T185911_20210502T190544_T10TCM_2021_05_02,2021-05-02 19:12:58.522
2021-05-02,20210502T185911_20210502T190544_T10TFR_2021_05_02,2021-05-02 19:11:50.090
2021-05-02,20210502T185911_20210502T190544_T10TGR_2021_05_02,2021-05-02 19:11:46.334
2021-05-02,20210502T185911_20210502T190544_T11TLL_2021_05_02,2021-05-02 19:11:37.182
2021-05-03,20210503T182921_20210503T184149_T11TMG_2021_05_03,2021-05-03 18:42:47.425
2021-05-03,20210503T182921_20210503T184149_T11TMH_2021_05_03,2021-05-03 18:42:35.695
2021-05-03,20210503T182921_20210503T184149_T11TNH_2021_05_03,2021-05-03 18:42:29.348
2021-05-04,20210504T184919_20210504T185942_T10TEM_2021_05_04,2021-05-04 19:02:53.404
2021-05-04,20210504T184919_20210504T185942_T10TEN_2021_05_04,2021-05-04 19:02:39.566
2021-05-04,20210504T184919_20210504T185942_T10TEP_2021_05_04,2021-05-04 19:02:27.803
2021-05-04,20210504T184919_20210504T185942_T10TFM_2021_05_04,2021-05-04 19:02:50.515
2021-05-04,20210504T184919_20210504T185942_T10TFR_2021_05_04,2021-05-04 19:01:51.912
2021-05-06,20210506T183921_20210506T184532_T11TLL_2021_05_06,2021-05-06 18:51:50.631
2021-05-06,20210506T183921_20210506T184532_T11TMJ_2021_05_06,2021-05-06 18:52:15.752
2021-05-06,20210506T183921_20210506T184532_T11TMK_2021_05_06,2021-05-06 18:52:01.336
2021-05-06,20210506T183921_20210506T184532_T11TML_2021_05_06,2021-05-06 18:51:46.808
2021-05-06,20210506T183921_20210506T184532_T11TMM_2021_05_06,2021-05-06 18:51:32.490
2021-05-06,20210506T183921_20210506T184532_T11TNJ_2021_05_06,2021-05-06 18:52:11.795
2021-05-06,20210506T183921_20210506T184532_T11TNK_2021_05_06,2021-05-06 18:51:57.511
2021-05-06,20210506T183921_20210506T184532_T11TNL_2021_05_06,2021-05-06 18:51:43.136
2021-05-07,20210507T185919_20210507T190830_T10TCM_2021_05_07,2021-05-07 19:12:58.190
2021-05-07,20210507T185919_20210507T190830_T10TFM_2021_05_07,2021-05-07 19:12:47.329
2021-05-07,20210507T185919_20210507T190830_T10TFN_2021_05_07,2021-05-07 19:12:32.677
2021-05-07,20210507T185919_20210507T190830_T11TLL_2021_05_07,2021-05-07 19:11:36.831
2021-05-08,20210508T182919_20210508T183841_T11TMG_2021_05_08,2021-05-08 18:42:47.101
2021-05-08,20210508T182919_20210508T183841_T11TMH_2021_05_08,2021-05-08 18:42:35.309
2021-05-08,20210508T182919_20210508T183841_T11TNG_2021_05_08,2021-05-08 18:42:43.432
2021-05-08,20210508T182919_20210508T183841_T11TNH_2021_05_08,2021-05-08 18:42:29.034
2021-05-10,20210510T190909_20210510T191418_T10TCM_2021_05_10,2021-05-10 19:22:55.842
2021-05-10,20210510T190909_20210510T191418_T10TDM_2021_05_10,2021-05-10 19:22:51.539
2021-05-10,20210510T190909_20210510T191418_T10TDN_2021_05_10,2021-05-10 19:22:37.084
2021-05-10,20210510T190909_20210510T191418_T10TDP_2021_05_10,2021-05-10 19:22:22.685
2021-05-10,20210510T190909_20210510T191418_T10TEP_2021_05_10,2021-05-10 19:22:14.916
2021-05-10,20210510T190909_20210510T191418_T10TEQ_2021_05_10,2021-05-10 19:22:04.003
2021-05-11,20210511T183919_20210511T184632_T10TGM_2021_05_11,2021-05-11 18:52:51.651
2021-05-11,20210511T183919_20210511T184632_T10TGN_2021_05_11,2021-05-11 18:52:37.972
2021-05-11,20210511T183919_20210511T184632_T10TGP_2021_05_11,2021-05-11 18:52:26.122
2021-05-11,20210511T183919_20210511T184632_T11TKG_2021_05_11,2021-05-11 18:52:51.703
2021-05-11,20210511T183919_20210511T184632_T11TLG_2021_05_11,2021-05-11 18:52:48.072
2021-05-11,20210511T183919_20210511T184632_T11TLH_2021_05_11,2021-05-11 18:52:33.769
2021-05-11,20210511T183919_20210511T184632_T11TLJ_2021_05_11,2021-05-11 18:52:19.324
2021-05-11,20210511T183919_20210511T184632_T11TLM_2021_05_11,2021-05-11 18:51:38.654
2021-05-11,20210511T183919_20210511T184632_T11TMG_2021_05_11,2021-05-11 18:52:44.289
2021-05-11,20210511T183919_20210511T184632_T11TMH_2021_05_11,2021-05-11 18:52:30.004
2021-05-11,20210511T183919_20210511T184632_T11TMJ_2021_05_11,2021-05-11 18:52:15.520
2021-05-11,20210511T183919_20210511T184632_T11TNG_2021_05_11,2021-05-11 18:52:40.114
2021-05-11,20210511T183919_20210511T184632_T11TNH_2021_05_11,2021-05-11 18:52:25.638
2021-05-12,20210512T185921_20210512T190535_T10TCN_2021_05_12,2021-05-12 19:12:45.979
2021-05-12,20210512T185921_20210512T190535_T10TDM_2021_05_12,2021-05-12 19:12:56.819
2021-05-12,20210512T185921_20210512T190535_T10TDN_2021_05_12,2021-05-12 19:12:42.265
2021-05-12,20210512T185921_20210512T190535_T10TDP_2021_05_12,2021-05-12 19:12:27.921
2021-05-12,20210512T185921_20210512T190535_T10TDQ_2021_05_12,2021-05-12 19:12:13.374
2021-05-12,20210512T185921_20210512T190535_T10TEM_2021_05_12,2021-05-12 19:12:53.090
2021-05-12,20210512T185921_20210512T190535_T10TEN_2021_05_12,2021-05-12 19:12:38.694
2021-05-12,20210512T185921_20210512T190535_T10TEQ_2021_05_12,2021-05-12 19:12:09.796
2021-05-12,20210512T185921_20210512T190535_T10TFM_2021_05_12,2021-05-12 19:12:49.245
2021-05-12,20210512T185921_20210512T190535_T10TFN_2021_05_12,2021-05-12 19:12:34.600
2021-05-12,20210512T185921_20210512T190535_T10TFP_2021_05_12,2021-05-12 19:12:20.166
2021-05-13,20210513T182921_20210513T184017_T11TMH_2021_05_13,2021-05-13 18:42:37.158
2021-05-13,20210513T182921_20210513T184017_T11TNH_2021_05_13,2021-05-13 18:42:30.882
2021-05-13,20210513T182921_20210513T184017_T11TNJ_2021_05_13,2021-05-13 18:42:16.259
2021-05-13,20210513T182921_20210513T184017_T11TNK_2021_05_13,2021-05-13 18:42:01.367
2021-05-14,20210514T184919_20210514T190107_T11TNL_2021_05_14,2021-05-14 19:01:32.683
2021-05-15,20210515T190911_20210515T191724_T10TDM_2021_05_15,2021-05-15 19:22:53.207
2021-05-15,20210515T190911_20210515T191724_T10TDN_2021_05_15,2021-05-15 19:22:38.750
2021-05-15,20210515T190911_20210515T191724_T10TDP_2021_05_15,2021-05-15 19:22:24.355
2021-05-15,20210515T190911_20210515T191724_T10TEP_2021_05_15,2021-05-15 19:22:16.587
2021-05-15,20210515T190911_20210515T191724_T10TEQ_2021_05_15,2021-05-15 19:22:05.669
2021-05-16,20210516T183921_20210516T184443_T10TGN_2021_05_16,2021-05-16 18:52:39.568
2021-05-16,20210516T183921_20210516T184443_T10TGP_2021_05_16,2021-05-16 18:52:27.739
2021-05-16,20210516T183921_20210516T184443_T11TLJ_2021_05_16,2021-05-16 18:52:20.913
2021-05-16,20210516T183921_20210516T184443_T11TLK_2021_05_16,2021-05-16 18:52:06.091
2021-05-16,20210516T183921_20210516T184443_T11TLL_2021_05_16,2021-05-16 18:51:51.966
2021-05-16,20210516T183921_20210516T184443_T11TLM_2021_05_16,2021-05-16 18:51:40.261
2021-05-16,20210516T183921_20210516T184443_T11TMJ_2021_05_16,2021-05-16 18:52:17.110
2021-05-16,20210516T183921_20210516T184443_T11TMK_2021_05_16,2021-05-16 18:52:02.695
2021-05-16,20210516T183921_20210516T184443_T11TML_2021_05_16,2021-05-16 18:51:48.160
2021-05-16,20210516T183921_20210516T184443_T11TMM_2021_05_16,2021-05-16 18:51:33.843
2021-05-16,20210516T183921_20210516T184443_T11TNJ_2021_05_16,2021-05-16 18:52:13.155
2021-05-16,20210516T183921_20210516T184443_T11TNK_2021_05_16,2021-05-16 18:51:58.863
2021-05-16,20210516T183921_20210516T184443_T11TNL_2021_05_16,2021-05-16 18:51:44.492
2021-05-16,20210516T183921_20210516T184443_T11TNM_2021_05_16,2021-05-16 18:51:30.092
2021-05-17,20210517T185919_20210517T190834_T10TEM_2021_05_17,2021-05-17 19:12:52.958
2021-05-17,20210517T185919_20210517T190834_T10TEN_2021_05_17,2021-05-17 19:12:38.545
2021-05-17,20210517T185919_20210517T190834_T10TEP_2021_05_17,2021-05-17 19:12:24.147
2021-05-17,20210517T185919_20210517T190834_T10TFM_2021_05_17,2021-05-17 19:12:49.114
2021-05-17,20210517T185919_20210517T190834_T10TFN_2021_05_17,2021-05-17 19:12:34.463
2021-05-17,20210517T185919_20210517T190834_T10TFP_2021_05_17,2021-05-17 19:12:20.021
2021-05-17,20210517T185919_20210517T190834_T10TFQ_2021_05_17,2021-05-17 19:12:05.890
2021-05-17,20210517T185919_20210517T190834_T10TFR_2021_05_17,2021-05-17 19:11:51.539
2021-05-17,20210517T185919_20210517T190834_T10TGP_2021_05_17,2021-05-17 19:12:12.754
2021-05-17,20210517T185919_20210517T190834_T10TGQ_2021_05_17,2021-05-17 19:12:01.500
2021-05-17,20210517T185919_20210517T190834_T10TGR_2021_05_17,2021-05-17 19:11:47.783
2021-05-17,20210517T185919_20210517T190834_T10TGS_2021_05_17,2021-05-17 19:11:33.108
2021-05-17,20210517T185919_20210517T190834_T11TLL_2021_05_17,2021-05-17 19:11:38.542
2021-05-17,20210517T185919_20210517T190834_T11TLM_2021_05_17,2021-05-17 19:11:28.769
2021-05-22,20210522T185921_20210522T191158_T10TCM_2021_05_22,2021-05-22 19:13:01.055
2021-05-22,20210522T185921_20210522T191158_T10TDR_2021_05_22,2021-05-22 19:12:05.128
2021-05-26,20210526T183921_20210526T184454_T10TGM_2021_05_26,2021-05-26 18:52:53.930
2021-05-26,20210526T183921_20210526T184454_T10TGN_2021_05_26,2021-05-26 18:52:40.264
2021-05-26,20210526T183921_20210526T184454_T11TKG_2021_05_26,2021-05-26 18:52:53.986
2021-05-26,20210526T183921_20210526T184454_T11TLG_2021_05_26,2021-05-26 18:52:50.347
2021-05-26,20210526T183921_20210526T184454_T11TLM_2021_05_26,2021-05-26 18:51:40.969
2021-05-26,20210526T183921_20210526T184454_T11TMG_2021_05_26,2021-05-26 18:52:46.563
2021-05-28,20210528T182919_20210528T184115_T11TMH_2021_05_28,2021-05-28 18:42:37.963
2021-05-28,20210528T182919_20210528T184115_T11TNJ_2021_05_28,2021-05-28 18:42:17.192
2021-05-28,20210528T182919_20210528T184115_T11TNK_2021_05_28,2021-05-28 18:42:02.299
2021-05-29,20210529T184921_20210529T185551_T10TEM_2021_05_29,2021-05-29 19:02:57.215
2021-05-29,20210529T184921_20210529T185551_T10TEN_2021_05_29,2021-05-29 19:02:43.372
2021-05-29,20210529T184921_20210529T185551_T10TFM_2021_05_29,2021-05-29 19:02:54.326
2021-05-29,20210529T184921_20210529T185551_T10TFN_2021_05_29,2021-05-29 19:02:39.756
2021-05-29,20210529T184921_20210529T185551_T10TGM_2021_05_29,2021-05-29 19:02:51.070
2021-05-29,20210529T184921_20210529T185551_T10TGN_2021_05_29,2021-05-29 19:02:36.641
2021-05-29,20210529T184921_20210529T185551_T11TKG_2021_05_29,2021-05-29 19:02:51.105
2021-05-29,20210529T184921_20210529T185551_T11TLK_2021_05_29,2021-05-29 19:02:04.058
2021-05-29,20210529T184921_20210529T185551_T11TLL_2021_05_29,2021-05-29 19:01:49.832
2021-05-29,20210529T184921_20210529T185551_T11TMH_2021_05_29,2021-05-29 19:02:23.150
2021-05-29,20210529T184921_20210529T185551_T11TMJ_2021_05_29,2021-05-29 19:02:12.947
2021-05-29,20210529T184921_20210529T185551_T11TMK_2021_05_29,2021-05-29 19:01:59.696
2021-05-29,20210529T184921_20210529T185551_T11TML_2021_05_29,2021-05-29 19:01:45.137
2021-05-29,20210529T184921_20210529T185551_T11TMM_2021_05_29,2021-05-29 19:01:30.993
2021-05-29,20210529T184921_20210529T185551_T11TNL_2021_05_29,2021-05-29 19:01:34.551
2021-05-29,20210529T184921_20210529T185551_T11TNM_2021_05_29,2021-05-29 19:01:24.693
2021-05-30,20210530T190919_20210530T191659_T10TDP_2021_05_30,2021-05-30 19:22:25.176
2021-05-30,20210530T190919_20210530T191659_T10TEP_2021_05_30,2021-05-30 19:22:17.328
2021-05-31,20210531T183919_20210531T185059_T10TGM_2021_05_31,2021-05-31 18:52:54.005
2021-05-31,20210531T183919_20210531T185059_T10TGN_2021_05_31,2021-05-31 18:52:40.303
2021-05-31,20210531T183919_20210531T185059_T10TGP_2021_05_31,2021-05-31 18:52:28.368
2021-05-31,20210531T183919_20210531T185059_T11TKG_2021_05_31,2021-05-31 18:52:54.046
2021-05-31,20210531T183919_20210531T185059_T11TLG_2021_05_31,2021-05-31 18:52:50.430
2021-05-31,20210531T183919_20210531T185059_T11TLJ_2021_05_31,2021-05-31 18:52:21.685
2021-05-31,20210531T183919_20210531T185059_T11TLK_2021_05_31,2021-05-31 18:52:06.869
2021-05-31,20210531T183919_20210531T185059_T11TLL_2021_05_31,2021-05-31 18:51:52.705
2021-05-31,20210531T183919_20210531T185059_T11TMG_2021_05_31,2021-05-31 18:52:46.644
2021-05-31,20210531T183919_20210531T185059_T11TMH_2021_05_31,2021-05-31 18:52:32.366
2021-05-31,20210531T183919_20210531T185059_T11TNG_2021_05_31,2021-05-31 18:52:42.477
2021-05-31,20210531T183919_20210531T185059_T11TNH_2021_05_31,2021-05-31 18:52:27.993
2021-05-31,20210531T183919_20210531T185059_T11TNJ_2021_05_31,2021-05-31 18:52:13.919
2021-05-31,20210531T183919_20210531T185059_T11TNK_2021_05_31,2021-05-31 18:51:59.638
2021-06-01,20210601T185921_20210601T190713_T10TDM_2021_06_01,2021-06-01 19:12:58.066
2021-06-01,20210601T185921_20210601T190713_T10TDN_2021_06_01,2021-06-01 19:12:43.504
2021-06-01,20210601T185921_20210601T190713_T10TDP_2021_06_01,2021-06-01 19:12:29.169
2021-06-01,20210601T185921_20210601T190713_T10TDQ_2021_06_01,2021-06-01 19:12:14.611
2021-06-01,20210601T185921_20210601T190713_T10TDR_2021_06_01,2021-06-01 19:11:59.747
2021-06-01,20210601T185921_20210601T190713_T10TDS_2021_06_01,2021-06-01 19:11:45.611
2021-06-01,20210601T185921_20210601T190713_T10TEM_2021_06_01,2021-06-01 19:12:54.338
2021-06-01,20210601T185921_20210601T190713_T10TEN_2021_06_01,2021-06-01 19:12:39.935
2021-06-01,20210601T185921_20210601T190713_T10TEP_2021_06_01,2021-06-01 19:12:25.532
2021-06-01,20210601T185921_20210601T190713_T10TEQ_2021_06_01,2021-06-01 19:12:11.033
2021-06-01,20210601T185921_20210601T190713_T10TER_2021_06_01,2021-06-01 19:11:56.548
2021-06-01,20210601T185921_20210601T190713_T10TES_2021_06_01,2021-06-01 19:11:41.957
2021-06-01,20210601T185921_20210601T190713_T10TFM_2021_06_01,2021-06-01 19:12:50.492
2021-06-01,20210601T185921_20210601T190713_T10TFN_2021_06_01,2021-06-01 19:12:35.845
2021-06-01,20210601T185921_20210601T190713_T10TFP_2021_06_01,2021-06-01 19:12:21.411
2021-06-01,20210601T185921_20210601T190713_T10TFQ_2021_06_01,2021-06-01 19:12:07.281
2021-06-01,20210601T185921_20210601T190713_T10TFR_2021_06_01,2021-06-01 19:11:52.923
2021-06-01,20210601T185921_20210601T190713_T10TFS_2021_06_01,2021-06-01 19:11:38.491
2021-06-01,20210601T185921_20210601T190713_T10TGQ_2021_06_01,2021-06-01 19:12:02.912
2021-06-01,20210601T185921_20210601T190713_T10TGR_2021_06_01,2021-06-01 19:11:49.165
2021-06-01,20210601T185921_20210601T190713_T10TGS_2021_06_01,2021-06-01 19:11:34.490
2021-06-01,20210601T185921_20210601T190713_T11TLM_2021_06_01,2021-06-01 19:11:30.207
2021-06-02,20210602T182921_20210602T183157_T11TMG_2021_06_02,2021-06-02 18:42:50.075
2021-06-02,20210602T182921_20210602T183157_T11TMH_2021_06_02,2021-06-02 18:42:38.286
2021-06-02,20210602T182921_20210602T183157_T11TNG_2021_06_02,2021-06-02 18:42:46.399
2021-06-02,20210602T182921_20210602T183157_T11TNH_2021_06_02,2021-06-02 18:42:31.998
2021-06-02,20210602T182921_20210602T183157_T11TNJ_2021_06_02,2021-06-02 18:42:17.381
2021-06-02,20210602T182921_20210602T183157_T11TNK_2021_06_02,2021-06-02 18:42:02.482
2021-06-03,20210603T184919_20210603T185928_T10TEM_2021_06_03,2021-06-03 19:02:57.343
2021-06-03,20210603T184919_20210603T185928_T10TEN_2021_06_03,2021-06-03 19:02:43.465
2021-06-03,20210603T184919_20210603T185928_T10TEP_2021_06_03,2021-06-03 19:02:31.590
2021-06-03,20210603T184919_20210603T185928_T10TFM_2021_06_03,2021-06-03 19:02:54.457
2021-06-03,20210603T184919_20210603T185928_T10TFN_2021_06_03,2021-06-03 19:02:39.881
2021-06-03,20210603T184919_20210603T185928_T10TFP_2021_06_03,2021-06-03 19:02:25.415
2021-06-03,20210603T184919_20210603T185928_T10TFQ_2021_06_03,2021-06-03 19:02:10.752
2021-06-03,20210603T184919_20210603T185928_T10TFR_2021_06_03,2021-06-03 19:01:55.855
2021-06-03,20210603T184919_20210603T185928_T10TFS_2021_06_03,2021-06-03 19:01:41.220
2021-06-03,20210603T184919_20210603T185928_T10TGM_2021_06_03,2021-06-03 19:02:51.200
2021-06-03,20210603T184919_20210603T185928_T10TGN_2021_06_03,2021-06-03 19:02:36.763
2021-06-03,20210603T184919_20210603T185928_T10TGP_2021_06_03,2021-06-03 19:02:22.208
2021-06-03,20210603T184919_20210603T185928_T10TGQ_2021_06_03,2021-06-03 19:02:07.597
2021-06-03,20210603T184919_20210603T185928_T10TGR_2021_06_03,2021-06-03 19:01:53.071
2021-06-03,20210603T184919_20210603T185928_T10TGS_2021_06_03,2021-06-03 19:01:38.318
2021-06-03,20210603T184919_20210603T185928_T11TKG_2021_06_03,2021-06-03 19:02:51.236
2021-06-03,20210603T184919_20210603T185928_T11TLJ_2021_06_03,2021-06-03 19:02:18.313
2021-06-03,20210603T184919_20210603T185928_T11TLL_2021_06_03,2021-06-03 19:01:49.953
2021-06-03,20210603T184919_20210603T185928_T11TLM_2021_06_03,2021-06-03 19:01:35.643
2021-06-03,20210603T184919_20210603T185928_T11TMH_2021_06_03,2021-06-03 19:02:23.200
2021-06-03,20210603T184919_20210603T185928_T11TMJ_2021_06_03,2021-06-03 19:02:13.039
2021-06-03,20210603T184919_20210603T185928_T11TML_2021_06_03,2021-06-03 19:01:45.269
2021-06-03,20210603T184919_20210603T185928_T11TMM_2021_06_03,2021-06-03 19:01:31.115
2021-06-04,20210604T190911_20210604T191743_T10TDQ_2021_06_04,2021-06-04 19:22:11.236
2021-06-04,20210604T190911_20210604T191743_T10TDR_2021_06_04,2021-06-04 19:21:56.983
2021-06-04,20210604T190911_20210604T191743_T10TEQ_2021_06_04,2021-06-04 19:22:06.544
2021-06-04,20210604T190911_20210604T191743_T10TER_2021_06_04,2021-06-04 19:21:52.779
2021-06-05,20210605T183921_20210605T184201_T10TGN_2021_06_05,2021-06-05 18:52:40.327
2021-06-05,20210605T183921_20210605T184201_T10TGP_2021_06_05,2021-06-05 18:52:28.549
2021-06-05,20210605T183921_20210605T184201_T11TLJ_2021_06_05,2021-06-05 18:52:21.655
2021-06-05,20210605T183921_20210605T184201_T11TLK_2021_06_05,2021-06-05 18:52:06.831
2021-06-05,20210605T183921_20210605T184201_T11TMH_2021_06_05,2021-06-05 18:52:32.330
2021-06-05,20210605T183921_20210605T184201_T11TMJ_2021_06_05,2021-06-05 18:52:17.856
2021-06-05,20210605T183921_20210605T184201_T11TMK_2021_06_05,2021-06-05 18:52:03.438
2021-06-05,20210605T183921_20210605T184201_T11TNJ_2021_06_05,2021-06-05 18:52:13.902
2021-06-05,20210605T183921_20210605T184201_T11TNK_2021_06_05,2021-06-05 18:51:59.608
2021-06-07,20210607T182919_20210607T183616_T11TMG_2021_06_07,2021-06-07 18:42:50.260
2021-06-07,20210607T182919_20210607T183616_T11TMH_2021_06_07,2021-06-07 18:42:38.395
2021-06-07,20210607T182919_20210607T183616_T11TNG_2021_06_07,2021-06-07 18:42:46.616
2021-06-07,20210607T182919_20210607T183616_T11TNH_2021_06_07,2021-06-07 18:42:32.218
2021-06-07,20210607T182919_20210607T183616_T11TNK_2021_06_07,2021-06-07 18:42:02.712
2021-06-08,20210608T184921_20210608T185508_T11TLG_2021_06_08,2021-06-08 19:02:46.528
2021-06-09,20210609T190919_20210609T191439_T10TCM_2021_06_09,2021-06-09 19:22:58.648
2021-06-09,20210609T190919_20210609T191439_T10TCP_2021_06_09,2021-06-09 19:22:30.086
2021-06-09,20210609T190919_20210609T191439_T10TCQ_2021_06_09,2021-06-09 19:22:15.691
2021-06-12,20210612T182921_20210612T183801_T11TMG_2021_06_12,2021-06-12 18:42:49.781
2021-06-12,20210612T182921_20210612T183801_T11TMH_2021_06_12,2021-06-12 18:42:38.041
2021-06-12,20210612T182921_20210612T183801_T11TNG_2021_06_12,2021-06-12 18:42:46.092
2021-06-12,20210612T182921_20210612T183801_T11TNH_2021_06_12,2021-06-12 18:42:31.699
2021-06-12,20210612T182921_20210612T183801_T11TNJ_2021_06_12,2021-06-12 18:42:17.069
2021-06-13,20210613T184919_20210613T184943_T10TGR_2021_06_13,2021-06-13 19:01:50.408
2021-06-13,20210613T184919_20210613T184943_T10TGS_2021_06_13,2021-06-13 19:01:38.420
2021-06-13,20210613T184919_20210613T184943_T11TLL_2021_06_13,2021-06-13 19:01:48.950
2021-06-13,20210613T184919_20210613T184943_T11TLM_2021_06_13,2021-06-13 19:01:35.745
2021-06-13,20210613T184919_20210613T184943_T11TMK_2021_06_13,2021-06-13 19:01:53.790
2021-06-13,20210613T184919_20210613T184943_T11TML_2021_06_13,2021-06-13 19:01:45.378
2021-06-13,20210613T184919_20210613T184943_T11TMM_2021_06_13,2021-06-13 19:01:31.217
2021-06-13,20210613T184919_20210613T184943_T11TNL_2021_06_13,2021-06-13 19:01:34.698
2021-06-13,20210613T184919_20210613T184943_T11TNM_2021_06_13,2021-06-13 19:01:24.842
2021-06-13,20210613T184919_20210613T190148_T10TFR_2021_06_13,2021-06-13 19:01:58.629
2021-06-13,20210613T184919_20210613T190148_T10TGM_2021_06_13,2021-06-13 19:02:51.306
2021-06-13,20210613T184919_20210613T190148_T10TGN_2021_06_13,2021-06-13 19:02:36.858
2021-06-13,20210613T184919_20210613T190148_T10TGP_2021_06_13,2021-06-13 19:02:22.312
2021-06-13,20210613T184919_20210613T190148_T10TGQ_2021_06_13,2021-06-13 19:02:07.698
2021-06-13,20210613T184919_20210613T190148_T10TGR_2021_06_13,2021-06-13 19:01:57.171
2021-06-13,20210613T184919_20210613T190148_T11TKG_2021_06_13,2021-06-13 19:02:51.341
2021-06-13,20210613T184919_20210613T190148_T11TLG_2021_06_13,2021-06-13 19:02:46.877
2021-06-13,20210613T184919_20210613T190148_T11TLH_2021_06_13,2021-06-13 19:02:32.367
2021-06-13,20210613T184919_20210613T190148_T11TLJ_2021_06_13,2021-06-13 19:02:18.420
2021-06-13,20210613T184919_20210613T190148_T11TMH_2021_06_13,2021-06-13 19:02:23.316
2021-06-13,20210613T184919_20210613T190148_T11TMJ_2021_06_13,2021-06-13 19:02:13.150
2021-06-13,20210613T184919_20210613T190148_T11TMK_2021_06_13,2021-06-13 19:02:00.225
2021-06-15,20210615T183921_20210615T184504_T10TGM_2021_06_15,2021-06-15 18:52:53.512
2021-06-15,20210615T183921_20210615T184504_T11TKG_2021_06_15,2021-06-15 18:52:53.577
2021-06-15,20210615T183921_20210615T184504_T11TLG_2021_06_15,2021-06-15 18:52:49.924
2021-06-15,20210615T183921_20210615T184504_T11TMG_2021_06_15,2021-06-15 18:52:46.141
2021-06-15,20210615T183921_20210615T184504_T11TMH_2021_06_15,2021-06-15 18:52:31.856
2021-06-15,20210615T183921_20210615T184504_T11TNG_2021_06_15,2021-06-15 18:52:41.953
2021-06-15,20210615T183921_20210615T184504_T11TNH_2021_06_15,2021-06-15 18:52:27.497
2021-06-15,20210615T183921_20210615T184504_T11TNJ_2021_06_15,2021-06-15 18:52:13.419
2021-06-16,20210616T185919_20210616T190431_T10TCM_2021_06_16,2021-06-16 19:13:01.481
2021-06-16,20210616T185919_20210616T190431_T10TCN_2021_06_16,2021-06-16 19:12:47.304
2021-06-16,20210616T185919_20210616T190431_T10TCP_2021_06_16,2021-06-16 19:12:35.351
2021-06-16,20210616T185919_20210616T190431_T10TDM_2021_06_16,2021-06-16 19:12:58.182
2021-06-16,20210616T185919_20210616T190431_T10TDN_2021_06_16,2021-06-16 19:12:43.615
2021-06-16,20210616T185919_20210616T190431_T10TDP_2021_06_16,2021-06-16 19:12:29.273
2021-06-16,20210616T185919_20210616T190431_T10TDQ_2021_06_16,2021-06-16 19:12:14.728
2021-06-16,20210616T185919_20210616T190431_T10TDR_2021_06_16,2021-06-16 19:11:59.866
2021-06-16,20210616T185919_20210616T190431_T10TEM_2021_06_16,2021-06-16 19:12:54.455
2021-06-16,20210616T185919_20210616T190431_T10TEN_2021_06_16,2021-06-16 19:12:40.040
2021-06-16,20210616T185919_20210616T190431_T10TEP_2021_06_16,2021-06-16 19:12:25.646
2021-06-16,20210616T185919_20210616T190431_T10TEQ_2021_06_16,2021-06-16 19:12:11.142
2021-06-16,20210616T185919_20210616T190431_T10TER_2021_06_16,2021-06-16 19:11:56.666
2021-06-16,20210616T185919_20210616T190431_T10TFM_2021_06_16,2021-06-16 19:12:50.613
2021-06-16,20210616T185919_20210616T190431_T10TFN_2021_06_16,2021-06-16 19:12:35.958
2021-06-16,20210616T185919_20210616T190431_T10TFP_2021_06_16,2021-06-16 19:12:21.524
2021-06-16,20210616T185919_20210616T190431_T10TFQ_2021_06_16,2021-06-16 19:12:07.388
2021-06-16,20210616T185919_20210616T190431_T10TFR_2021_06_16,2021-06-16 19:11:53.044
2021-06-16,20210616T185919_20210616T190431_T10TGP_2021_06_16,2021-06-16 19:12:14.261
2021-06-16,20210616T185919_20210616T190431_T10TGQ_2021_06_16,2021-06-16 19:12:02.994
2021-06-16,20210616T185919_20210616T190431_T10TGR_2021_06_16,2021-06-16 19:11:49.292
2021-06-16,20210616T185919_20210616T190431_T10TGS_2021_06_16,2021-06-16 19:11:34.608
2021-06-16,20210616T185919_20210616T190431_T11TLL_2021_06_16,2021-06-16 19:11:40.038
2021-06-16,20210616T185919_20210616T190431_T11TLM_2021_06_16,2021-06-16 19:11:30.260
2021-06-17,20210617T182919_20210617T184000_T11TMG_2021_06_17,2021-06-17 18:42:50.109
2021-06-17,20210617T182919_20210617T184000_T11TMH_2021_06_17,2021-06-17 18:42:38.274
2021-06-17,20210617T182919_20210617T184000_T11TNG_2021_06_17,2021-06-17 18:42:46.461
2021-06-17,20210617T182919_20210617T184000_T11TNJ_2021_06_17,2021-06-17 18:42:17.447
2021-06-17,20210617T182919_20210617T184000_T11TNK_2021_06_17,2021-06-17 18:42:02.557
2021-06-18,20210618T184921_20210618T185427_T10TEM_2021_06_18,2021-06-18 19:02:56.738
2021-06-18,20210618T184921_20210618T185427_T10TEN_2021_06_18,2021-06-18 19:02:42.924
2021-06-18,20210618T184921_20210618T185427_T10TEP_2021_06_18,2021-06-18 19:02:31.207
2021-06-18,20210618T184921_20210618T185427_T10TFM_2021_06_18,2021-06-18 19:02:53.845
2021-06-18,20210618T184921_20210618T185427_T10TFN_2021_06_18,2021-06-18 19:02:39.279
2021-06-18,20210618T184921_20210618T185427_T10TFP_2021_06_18,2021-06-18 19:02:24.814
2021-06-18,20210618T184921_20210618T185427_T10TFQ_2021_06_18,2021-06-18 19:02:10.144
2021-06-18,20210618T184921_20210618T185427_T10TFR_2021_06_18,2021-06-18 19:01:55.238
2021-06-18,20210618T184921_20210618T185427_T10TFS_2021_06_18,2021-06-18 19:01:40.637
2021-06-18,20210618T184921_20210618T185427_T10TGM_2021_06_18,2021-06-18 19:02:50.593
2021-06-18,20210618T184921_20210618T185427_T10TGN_2021_06_18,2021-06-18 19:02:36.169
2021-06-18,20210618T184921_20210618T185427_T10TGP_2021_06_18,2021-06-18 19:02:21.596
2021-06-18,20210618T184921_20210618T185427_T10TGQ_2021_06_18,2021-06-18 19:02:07.003
2021-06-18,20210618T184921_20210618T185427_T10TGR_2021_06_18,2021-06-18 19:01:52.460
2021-06-18,20210618T184921_20210618T185427_T10TGS_2021_06_18,2021-06-18 19:01:37.708
2021-06-18,20210618T184921_20210618T185427_T11TKG_2021_06_18,2021-06-18 19:02:50.628
2021-06-18,20210618T184921_20210618T185427_T11TLG_2021_06_18,2021-06-18 19:02:46.151
2021-06-18,20210618T184921_20210618T185427_T11TLH_2021_06_18,2021-06-18 19:02:31.660
2021-06-18,20210618T184921_20210618T185427_T11TLJ_2021_06_18,2021-06-18 19:02:17.715
2021-06-18,20210618T184921_20210618T185427_T11TLK_2021_06_18,2021-06-18 19:02:03.577
2021-06-18,20210618T184921_20210618T185427_T11TLL_2021_06_18,2021-06-18 19:01:49.356
2021-06-18,20210618T184921_20210618T185427_T11TLM_2021_06_18,2021-06-18 19:01:35.033
2021-06-18,20210618T184921_20210618T185427_T11TMH_2021_06_18,2021-06-18 19:02:22.757
2021-06-18,20210618T184921_20210618T185427_T11TMJ_2021_06_18,2021-06-18 19:02:12.513
2021-06-18,20210618T184921_20210618T185427_T11TMK_2021_06_18,2021-06-18 19:01:59.215
2021-06-18,20210618T184921_20210618T185427_T11TML_2021_06_18,2021-06-18 19:01:44.656
2021-06-18,20210618T184921_20210618T185427_T11TMM_2021_06_18,2021-06-18 19:01:30.524
2021-06-18,20210618T184921_20210618T185427_T11TNL_2021_06_18,2021-06-18 19:01:34.145
2021-06-18,20210618T184921_20210618T185427_T11TNM_2021_06_18,2021-06-18 19:01:24.302
2021-06-19,20210619T190919_20210619T191710_T10TCM_2021_06_19,2021-06-19 19:22:58.353
2021-06-19,20210619T190919_20210619T191710_T10TCN_2021_06_19,2021-06-19 19:22:44.018
2021-06-19,20210619T190919_20210619T191710_T10TCP_2021_06_19,2021-06-19 19:22:29.789
2021-06-19,20210619T190919_20210619T191710_T10TCQ_2021_06_19,2021-06-19 19:22:15.398
2021-06-19,20210619T190919_20210619T191710_T10TDM_2021_06_19,2021-06-19 19:22:54.048
2021-06-19,20210619T190919_20210619T191710_T10TDN_2021_06_19,2021-06-19 19:22:39.598
2021-06-19,20210619T190919_20210619T191710_T10TDP_2021_06_19,2021-06-19 19:22:25.198
2021-06-19,20210619T190919_20210619T191710_T10TDQ_2021_06_19,2021-06-19 19:22:11.211
2021-06-19,20210619T190919_20210619T191710_T10TDR_2021_06_19,2021-06-19 19:21:56.966
2021-06-19,20210619T190919_20210619T191710_T10TDS_2021_06_19,2021-06-19 19:21:42.711
2021-06-19,20210619T190919_20210619T191710_T10TEP_2021_06_19,2021-06-19 19:22:17.397
2021-06-19,20210619T190919_20210619T191710_T10TEQ_2021_06_19,2021-06-19 19:22:06.500
2021-06-19,20210619T190919_20210619T191710_T10TER_2021_06_19,2021-06-19 19:21:52.770
2021-06-19,20210619T190919_20210619T191710_T10TES_2021_06_19,2021-06-19 19:21:38.177
2021-06-20,20210620T183919_20210620T184317_T10TGN_2021_06_20,2021-06-20 18:52:34.402
2021-06-20,20210620T183919_20210620T184317_T10TGP_2021_06_20,2021-06-20 18:52:28.372
2021-06-20,20210620T183919_20210620T184317_T11TLH_2021_06_20,2021-06-20 18:52:32.147
2021-06-20,20210620T183919_20210620T184317_T11TLJ_2021_06_20,2021-06-20 18:52:21.586
2021-06-20,20210620T183919_20210620T184317_T11TLK_2021_06_20,2021-06-20 18:52:06.767
2021-06-20,20210620T183919_20210620T184317_T11TLL_2021_06_20,2021-06-20 18:51:52.631
2021-06-20,20210620T183919_20210620T184317_T11TLM_2021_06_20,2021-06-20 18:51:40.907
2021-06-20,20210620T183919_20210620T184317_T11TMH_2021_06_20,2021-06-20 18:52:30.336
2021-06-20,20210620T183919_20210620T184317_T11TMJ_2021_06_20,2021-06-20 18:52:17.782
2021-06-20,20210620T183919_20210620T184317_T11TMK_2021_06_20,2021-06-20 18:52:03.372
2021-06-20,20210620T183919_20210620T184317_T11TMM_2021_06_20,2021-06-20 18:51:34.521
2021-06-20,20210620T183919_20210620T184317_T11TNG_2021_06_20,2021-06-20 18:52:34.961
2021-06-20,20210620T183919_20210620T184317_T11TNH_2021_06_20,2021-06-20 18:52:27.644
2021-06-20,20210620T183919_20210620T184317_T11TNJ_2021_06_20,2021-06-20 18:52:13.829
2021-06-20,20210620T183919_20210620T185229_T10TGM_2021_06_20,2021-06-20 18:52:53.916
2021-06-20,20210620T183919_20210620T185229_T10TGN_2021_06_20,2021-06-20 18:52:41.494
2021-06-20,20210620T183919_20210620T185229_T11TKG_2021_06_20,2021-06-20 18:52:53.967
2021-06-20,20210620T183919_20210620T185229_T11TLG_2021_06_20,2021-06-20 18:52:50.336
2021-06-20,20210620T183919_20210620T185229_T11TLH_2021_06_20,2021-06-20 18:52:38.877
2021-06-20,20210620T183919_20210620T185229_T11TMG_2021_06_20,2021-06-20 18:52:46.552
2021-06-20,20210620T183919_20210620T185229_T11TMH_2021_06_20,2021-06-20 18:52:37.064
2021-06-20,20210620T183919_20210620T185229_T11TNG_2021_06_20,2021-06-20 18:52:42.399
2021-06-20,20210620T183919_20210620T185229_T11TNH_2021_06_20,2021-06-20 18:52:35.162
2021-06-21,20210621T185921_20210621T190713_T10TDQ_2021_06_21,2021-06-21 19:12:14.606
2021-06-21,20210621T185921_20210621T190713_T10TDR_2021_06_21,2021-06-21 19:11:59.735
2021-06-21,20210621T185921_20210621T190713_T10TDS_2021_06_21,2021-06-21 19:11:45.631
2021-06-21,20210621T185921_20210621T190713_T10TEN_2021_06_21,2021-06-21 19:12:39.940
2021-06-21,20210621T185921_20210621T190713_T10TEP_2021_06_21,2021-06-21 19:12:25.524
2021-06-21,20210621T185921_20210621T190713_T10TEQ_2021_06_21,2021-06-21 19:12:11.036
2021-06-21,20210621T185921_20210621T190713_T10TER_2021_06_21,2021-06-21 19:11:56.539
2021-06-21,20210621T185921_20210621T190713_T10TES_2021_06_21,2021-06-21 19:11:41.959
2021-06-21,20210621T185921_20210621T190713_T10TFN_2021_06_21,2021-06-21 19:12:35.842
2021-06-21,20210621T185921_20210621T190713_T10TFP_2021_06_21,2021-06-21 19:12:21.412
2021-06-21,20210621T185921_20210621T190713_T10TFQ_2021_06_21,2021-06-21 19:12:07.284
2021-06-21,20210621T185921_20210621T190713_T10TFR_2021_06_21,2021-06-21 19:11:52.917
2021-06-21,20210621T185921_20210621T190713_T10TFS_2021_06_21,2021-06-21 19:11:38.496
2021-06-21,20210621T185921_20210621T190713_T10TGP_2021_06_21,2021-06-21 19:12:14.303
2021-06-21,20210621T185921_20210621T190713_T10TGQ_2021_06_21,2021-06-21 19:12:02.932
2021-06-21,20210621T185921_20210621T190713_T10TGR_2021_06_21,2021-06-21 19:11:49.160
2021-06-21,20210621T185921_20210621T190713_T10TGS_2021_06_21,2021-06-21 19:11:34.487
2021-06-21,20210621T185921_20210621T190713_T11TLL_2021_06_21,2021-06-21 19:11:40.039
2021-06-21,20210621T185921_20210621T190713_T11TLM_2021_06_21,2021-06-21 19:11:30.247
2021-06-22,20210622T182921_20210622T183754_T11TMG_2021_06_22,2021-06-22 18:42:50.244
2021-06-23,20210623T184919_20210623T185356_T10TEM_2021_06_23,2021-06-23 19:02:56.916
2021-06-23,20210623T184919_20210623T185356_T10TEN_2021_06_23,2021-06-23 19:02:43.067
2021-06-23,20210623T184919_20210623T185356_T10TEP_2021_06_23,2021-06-23 19:02:31.258
2021-06-23,20210623T184919_20210623T185356_T10TFM_2021_06_23,2021-06-23 19:02:54.028
2021-06-23,20210623T184919_20210623T185356_T10TFN_2021_06_23,2021-06-23 19:02:39.454
2021-06-23,20210623T184919_20210623T185356_T10TFP_2021_06_23,2021-06-23 19:02:24.991
2021-06-23,20210623T184919_20210623T185356_T10TFQ_2021_06_23,2021-06-23 19:02:10.324
2021-06-23,20210623T184919_20210623T185356_T10TGP_2021_06_23,2021-06-23 19:02:21.781
2021-06-23,20210623T184919_20210623T185356_T10TGQ_2021_06_23,2021-06-23 19:02:07.175
2021-06-23,20210623T184919_20210623T185356_T11TLJ_2021_06_23,2021-06-23 19:02:17.896
2021-06-23,20210623T184919_20210623T185356_T11TMH_2021_06_23,2021-06-23 19:02:22.845
2021-06-23,20210623T184919_20210623T185356_T11TMJ_2021_06_23,2021-06-23 19:02:12.653
2021-06-23,20210623T184919_20210623T185356_T11TML_2021_06_23,2021-06-23 19:01:44.849
2021-06-23,20210623T184919_20210623T185356_T11TNL_2021_06_23,2021-06-23 19:01:34.229
2021-06-24,20210624T190921_20210624T191700_T10TDN_2021_06_24,2021-06-24 19:22:40.097
2021-06-24,20210624T190921_20210624T191700_T10TDP_2021_06_24,2021-06-24 19:22:25.700
2021-06-24,20210624T190921_20210624T191700_T10TDQ_2021_06_24,2021-06-24 19:22:11.725
2021-06-24,20210624T190921_20210624T191700_T10TEP_2021_06_24,2021-06-24 19:22:17.993
2021-06-24,20210624T190921_20210624T191700_T10TEQ_2021_06_24,2021-06-24 19:22:07.041
2021-06-25,20210625T183921_20210625T184454_T10TGM_2021_06_25,2021-06-25 18:52:54.625
2021-06-25,20210625T183921_20210625T184454_T10TGN_2021_06_25,2021-06-25 18:52:40.969
2021-06-25,20210625T183921_20210625T184454_T11TKG_2021_06_25,2021-06-25 18:52:54.686
2021-06-25,20210625T183921_20210625T184454_T11TLG_2021_06_25,2021-06-25 18:52:51.037
2021-06-25,20210625T183921_20210625T184454_T11TLH_2021_06_25,2021-06-25 18:52:36.741
2021-06-25,20210625T183921_20210625T184454_T11TMG_2021_06_25,2021-06-25 18:52:47.253
2021-06-26,20210626T185919_20210626T190811_T10TCP_2021_06_26,2021-06-26 19:12:35.169
2021-06-26,20210626T185919_20210626T190811_T10TDM_2021_06_26,2021-06-26 19:12:57.954
2021-06-26,20210626T185919_20210626T190811_T10TDN_2021_06_26,2021-06-26 19:12:43.391
2021-06-26,20210626T185919_20210626T190811_T10TDP_2021_06_26,2021-06-26 19:12:29.051
2021-06-26,20210626T185919_20210626T190811_T10TDQ_2021_06_26,2021-06-26 19:12:14.502
2021-06-26,20210626T185919_20210626T190811_T10TDR_2021_06_26,2021-06-26 19:11:59.638
2021-06-26,20210626T185919_20210626T190811_T10TDS_2021_06_26,2021-06-26 19:11:45.490
2021-06-26,20210626T185919_20210626T190811_T10TEM_2021_06_26,2021-06-26 19:12:54.229
2021-06-26,20210626T185919_20210626T190811_T10TEN_2021_06_26,2021-06-26 19:12:39.818
2021-06-26,20210626T185919_20210626T190811_T10TEP_2021_06_26,2021-06-26 19:12:25.421
2021-06-26,20210626T185919_20210626T190811_T10TEQ_2021_06_26,2021-06-26 19:12:10.920
2021-06-26,20210626T185919_20210626T190811_T10TER_2021_06_26,2021-06-26 19:11:56.438
2021-06-26,20210626T185919_20210626T190811_T10TES_2021_06_26,2021-06-26 19:11:41.846
2021-06-26,20210626T185919_20210626T190811_T10TFM_2021_06_26,2021-06-26 19:12:50.389
2021-06-26,20210626T185919_20210626T190811_T10TFN_2021_06_26,2021-06-26 19:12:35.733
2021-06-26,20210626T185919_20210626T190811_T10TFP_2021_06_26,2021-06-26 19:12:21.302
2021-06-26,20210626T185919_20210626T190811_T10TFQ_2021_06_26,2021-06-26 19:12:07.165
2021-06-26,20210626T185919_20210626T190811_T10TFR_2021_06_26,2021-06-26 19:11:52.817
2021-06-26,20210626T185919_20210626T190811_T10TFS_2021_06_26,2021-06-26 19:11:38.377
2021-06-26,20210626T185919_20210626T190811_T10TGP_2021_06_26,2021-06-26 19:12:14.080
2021-06-26,20210626T185919_20210626T190811_T10TGQ_2021_06_26,2021-06-26 19:12:02.783
2021-06-26,20210626T185919_20210626T190811_T10TGR_2021_06_26,2021-06-26 19:11:49.064
2021-06-26,20210626T185919_20210626T190811_T10TGS_2021_06_26,2021-06-26 19:11:34.380
2021-06-26,20210626T185919_20210626T190811_T11TLL_2021_06_26,2021-06-26 19:11:39.842
2021-06-26,20210626T185919_20210626T190811_T11TLM_2021_06_26,2021-06-26 19:11:30.060
2021-06-27,20210627T182919_20210627T183902_T11TMG_2021_06_27,2021-06-27 18:42:50.060
2021-06-27,20210627T182919_20210627T183902_T11TMH_2021_06_27,2021-06-27 18:42:38.247
2021-06-27,20210627T182919_20210627T183902_T11TNG_2021_06_27,2021-06-27 18:42:46.403
2021-06-27,20210627T182919_20210627T183902_T11TNH_2021_06_27,2021-06-27 18:42:32.008
2021-06-27,20210627T182919_20210627T183902_T11TNJ_2021_06_27,2021-06-27 18:42:17.386
2021-06-27,20210627T182919_20210627T183902_T11TNK_2021_06_27,2021-06-27 18:42:02.495
2021-06-28,20210628T184921_20210628T185628_T10TEM_2021_06_28,2021-06-28 19:02:58.107
2021-06-28,20210628T184921_20210628T185628_T10TEN_2021_06_28,2021-06-28 19:02:44.276
2021-06-28,20210628T184921_20210628T185628_T10TEP_2021_06_28,2021-06-28 19:02:32.521
2021-06-28,20210628T184921_20210628T185628_T10TFM_2021_06_28,2021-06-28 19:02:55.216
2021-06-28,20210628T184921_20210628T185628_T10TFN_2021_06_28,2021-06-28 19:02:40.652
2021-06-28,20210628T184921_20210628T185628_T10TFP_2021_06_28,2021-06-28 19:02:26.190
2021-06-28,20210628T184921_20210628T185628_T10TFQ_2021_06_28,2021-06-28 19:02:11.522
2021-06-28,20210628T184921_20210628T185628_T10TFR_2021_06_28,2021-06-28 19:01:56.616
2021-06-28,20210628T184921_20210628T185628_T10TFS_2021_06_28,2021-06-28 19:01:42.000
2021-06-28,20210628T184921_20210628T185628_T10TGM_2021_06_28,2021-06-28 19:02:51.963
2021-06-28,20210628T184921_20210628T185628_T10TGN_2021_06_28,2021-06-28 19:02:37.540
2021-06-28,20210628T184921_20210628T185628_T10TGP_2021_06_28,2021-06-28 19:02:22.974
2021-06-28,20210628T184921_20210628T185628_T10TGQ_2021_06_28,2021-06-28 19:02:08.376
2021-06-28,20210628T184921_20210628T185628_T10TGR_2021_06_28,2021-06-28 19:01:53.835
2021-06-28,20210628T184921_20210628T185628_T10TGS_2021_06_28,2021-06-28 19:01:39.082
2021-06-28,20210628T184921_20210628T185628_T11TKG_2021_06_28,2021-06-28 19:02:51.998
2021-06-28,20210628T184921_20210628T185628_T11TLG_2021_06_28,2021-06-28 19:02:47.524
2021-06-28,20210628T184921_20210628T185628_T11TLH_2021_06_28,2021-06-28 19:02:33.035
2021-06-28,20210628T184921_20210628T185628_T11TLJ_2021_06_28,2021-06-28 19:02:19.088
2021-06-28,20210628T184921_20210628T185628_T11TLK_2021_06_28,2021-06-28 19:02:04.952
2021-06-28,20210628T184921_20210628T185628_T11TLL_2021_06_28,2021-06-28 19:01:50.727
2021-06-28,20210628T184921_20210628T185628_T11TLM_2021_06_28,2021-06-28 19:01:36.407
2021-06-28,20210628T184921_20210628T185628_T11TMH_2021_06_28,2021-06-28 19:02:24.088
2021-06-28,20210628T184921_20210628T185628_T11TMJ_2021_06_28,2021-06-28 19:02:13.866
2021-06-28,20210628T184921_20210628T185628_T11TMK_2021_06_28,2021-06-28 19:02:00.592
2021-06-28,20210628T184921_20210628T185628_T11TML_2021_06_28,2021-06-28 19:01:46.030
2021-06-28,20210628T184921_20210628T185628_T11TMM_2021_06_28,2021-06-28 19:01:31.891
2021-06-28,20210628T184921_20210628T185628_T11TNL_2021_06_28,2021-06-28 19:01:35.471
2021-06-28,20210628T184921_20210628T185628_T11TNM_2021_06_28,2021-06-28 19:01:25.618
2021-06-29,20210629T190919_20210629T191714_T10TDN_2021_06_29,2021-06-29 19:22:39.879
2021-06-29,20210629T190919_20210629T191714_T10TDQ_2021_06_29,2021-06-29 19:22:11.492
2021-06-29,20210629T190919_20210629T191714_T10TEP_2021_06_29,2021-06-29 19:22:17.675
2021-06-29,20210629T190919_20210629T191714_T10TEQ_2021_06_29,2021-06-29 19:22:06.778
2021-06-29,20210629T190919_20210629T191714_T10TER_2021_06_29,2021-06-29 19:21:53.043
2021-06-29,20210629T190919_20210629T191714_T10TES_2021_06_29,2021-06-29 19:21:38.451
